/*
 Navicat Premium Data Transfer

 Source Server         : aaa
 Source Server Type    : MySQL
 Source Server Version : 50527
 Source Host           : localhost:3306
 Source Schema         : trackstacking

 Target Server Type    : MySQL
 Target Server Version : 50527
 File Encoding         : 65001

 Date: 27/03/2023 15:33:01
*/

SET NAMES utf8mb4;
SET FOREIGN_KEY_CHECKS = 0;

-- ----------------------------
-- Table structure for collection
-- ----------------------------
DROP TABLE IF EXISTS `collection`;
CREATE TABLE `collection`  (
  `collectionId` int(11) NOT NULL AUTO_INCREMENT,
  `userId` int(11) NOT NULL,
  `songId` int(11) NOT NULL,
  PRIMARY KEY (`collectionId`) USING BTREE,
  INDEX `fk_collection_1_idx`(`userId`) USING BTREE,
  INDEX `fk_collection_2_idx`(`songId`) USING BTREE,
  CONSTRAINT `fk_collection_1` FOREIGN KEY (`userId`) REFERENCES `user` (`userId`) ON DELETE CASCADE ON UPDATE RESTRICT,
  CONSTRAINT `fk_collection_2` FOREIGN KEY (`songId`) REFERENCES `song` (`songId`) ON DELETE CASCADE ON UPDATE RESTRICT
) ENGINE = InnoDB AUTO_INCREMENT = 416 CHARACTER SET = utf8 COLLATE = utf8_general_ci ROW_FORMAT = Compact;

-- ----------------------------
-- Records of collection
-- ----------------------------
INSERT INTO `collection` VALUES (308, 1, 7);
INSERT INTO `collection` VALUES (312, 1, 11);
INSERT INTO `collection` VALUES (316, 2011239, 211);
INSERT INTO `collection` VALUES (317, 2011239, 237);
INSERT INTO `collection` VALUES (318, 2011239, 7);
INSERT INTO `collection` VALUES (319, 2011239, 85);
INSERT INTO `collection` VALUES (320, 2011239, 14);
INSERT INTO `collection` VALUES (321, 2011239, 28);
INSERT INTO `collection` VALUES (322, 2011239, 22);
INSERT INTO `collection` VALUES (324, 2011239, 217);
INSERT INTO `collection` VALUES (325, 1, 237);
INSERT INTO `collection` VALUES (326, 2011240, 48);
INSERT INTO `collection` VALUES (327, 2011240, 237);
INSERT INTO `collection` VALUES (328, 2011240, 6);
INSERT INTO `collection` VALUES (329, 1, 165);
INSERT INTO `collection` VALUES (330, 1, 48);
INSERT INTO `collection` VALUES (332, 1, 85);
INSERT INTO `collection` VALUES (333, 1, 70);
INSERT INTO `collection` VALUES (334, 1, 28);
INSERT INTO `collection` VALUES (336, 2011241, 48);
INSERT INTO `collection` VALUES (338, 2011241, 217);
INSERT INTO `collection` VALUES (339, 2011241, 236);
INSERT INTO `collection` VALUES (340, 1, 6);
INSERT INTO `collection` VALUES (341, 1, 217);
INSERT INTO `collection` VALUES (383, 2011230, 2);
INSERT INTO `collection` VALUES (384, 2011230, 4);
INSERT INTO `collection` VALUES (385, 2011230, 28);
INSERT INTO `collection` VALUES (386, 2011230, 222);
INSERT INTO `collection` VALUES (387, 2011243, 252);
INSERT INTO `collection` VALUES (389, 2011243, 247);
INSERT INTO `collection` VALUES (390, 2011243, 235);
INSERT INTO `collection` VALUES (391, 2011243, 2);
INSERT INTO `collection` VALUES (392, 2011244, 248);
INSERT INTO `collection` VALUES (393, 2011244, 247);
INSERT INTO `collection` VALUES (394, 2011244, 217);
INSERT INTO `collection` VALUES (395, 2011244, 2);
INSERT INTO `collection` VALUES (405, 2011245, 4);
INSERT INTO `collection` VALUES (406, 2011245, 2);
INSERT INTO `collection` VALUES (407, 2011245, 217);
INSERT INTO `collection` VALUES (408, 2011245, 48);
INSERT INTO `collection` VALUES (409, 2011246, 4);
INSERT INTO `collection` VALUES (410, 2011246, 2);
INSERT INTO `collection` VALUES (411, 2011246, 5);
INSERT INTO `collection` VALUES (412, 1, 222);
INSERT INTO `collection` VALUES (413, 1, 2);
INSERT INTO `collection` VALUES (414, 1, 5);
INSERT INTO `collection` VALUES (415, 1, 4);

-- ----------------------------
-- Table structure for download
-- ----------------------------
DROP TABLE IF EXISTS `download`;
CREATE TABLE `download`  (
  `downloadId` int(11) NOT NULL AUTO_INCREMENT,
  `userId` int(11) NOT NULL,
  `songId` int(11) NOT NULL,
  `downloadTime` timestamp NOT NULL DEFAULT CURRENT_TIMESTAMP,
  PRIMARY KEY (`downloadId`) USING BTREE,
  INDEX `fk_download_1_idx`(`userId`) USING BTREE,
  INDEX `fk_download_2_idx`(`songId`) USING BTREE,
  CONSTRAINT `fk_download_1` FOREIGN KEY (`userId`) REFERENCES `user` (`userId`) ON DELETE CASCADE ON UPDATE NO ACTION,
  CONSTRAINT `fk_download_2` FOREIGN KEY (`songId`) REFERENCES `song` (`songId`) ON DELETE CASCADE ON UPDATE NO ACTION
) ENGINE = InnoDB AUTO_INCREMENT = 75 CHARACTER SET = utf8 COLLATE = utf8_general_ci ROW_FORMAT = Compact;

-- ----------------------------
-- Records of download
-- ----------------------------
INSERT INTO `download` VALUES (37, 1, 85, '2022-06-17 12:47:59');
INSERT INTO `download` VALUES (38, 1, 2, '2022-06-17 12:52:01');
INSERT INTO `download` VALUES (39, 2011239, 14, '2022-06-17 12:56:03');
INSERT INTO `download` VALUES (40, 1, 48, '2022-06-17 14:40:12');
INSERT INTO `download` VALUES (41, 1, 85, '2022-06-17 14:41:47');
INSERT INTO `download` VALUES (42, 1, 48, '2022-06-17 14:43:51');
INSERT INTO `download` VALUES (43, 1, 237, '2022-06-17 14:44:35');
INSERT INTO `download` VALUES (44, 1, 85, '2022-06-17 14:50:37');
INSERT INTO `download` VALUES (45, 1, 165, '2022-06-17 14:51:19');
INSERT INTO `download` VALUES (46, 1, 2, '2022-06-17 14:51:40');
INSERT INTO `download` VALUES (47, 1, 217, '2022-06-18 10:18:47');
INSERT INTO `download` VALUES (48, 1, 217, '2022-06-18 10:19:17');
INSERT INTO `download` VALUES (49, 1, 48, '2022-06-18 10:19:59');
INSERT INTO `download` VALUES (50, 1, 85, '2022-06-20 11:20:59');
INSERT INTO `download` VALUES (51, 1, 48, '2022-06-20 11:28:00');
INSERT INTO `download` VALUES (52, 1, 222, '2022-06-20 11:28:34');
INSERT INTO `download` VALUES (53, 1, 70, '2022-06-20 11:28:55');
INSERT INTO `download` VALUES (54, 1, 3, '2022-06-20 11:31:26');
INSERT INTO `download` VALUES (55, 1, 2, '2022-06-20 11:31:30');
INSERT INTO `download` VALUES (56, 2011241, 209, '2022-06-20 11:34:31');
INSERT INTO `download` VALUES (57, 1, 7, '2022-06-20 22:13:58');
INSERT INTO `download` VALUES (58, 2011243, 252, '2022-11-23 20:10:15');
INSERT INTO `download` VALUES (59, 2011243, 2, '2022-11-23 20:10:35');
INSERT INTO `download` VALUES (60, 2011244, 248, '2022-11-23 20:15:04');
INSERT INTO `download` VALUES (61, 1, 4, '2022-11-28 16:12:12');
INSERT INTO `download` VALUES (62, 2011245, 4, '2022-12-01 09:37:59');
INSERT INTO `download` VALUES (63, 2011245, 2, '2022-12-01 09:38:12');
INSERT INTO `download` VALUES (64, 2011246, 2, '2022-12-01 15:28:38');
INSERT INTO `download` VALUES (65, 2011247, 4, '2023-01-24 19:51:13');
INSERT INTO `download` VALUES (66, 1, 7, '2023-02-15 15:56:41');
INSERT INTO `download` VALUES (67, 1, 2, '2023-02-17 09:14:10');
INSERT INTO `download` VALUES (68, 1, 222, '2023-02-17 09:14:30');
INSERT INTO `download` VALUES (69, 1, 2, '2023-02-23 15:51:46');
INSERT INTO `download` VALUES (70, 1, 28, '2023-02-25 15:08:47');
INSERT INTO `download` VALUES (71, 1, 2, '2023-02-25 16:10:24');
INSERT INTO `download` VALUES (72, 1, 3, '2023-02-25 16:10:27');
INSERT INTO `download` VALUES (73, 1, 4, '2023-02-26 08:33:34');
INSERT INTO `download` VALUES (74, 1, 4, '2023-02-26 10:06:34');

-- ----------------------------
-- Table structure for play
-- ----------------------------
DROP TABLE IF EXISTS `play`;
CREATE TABLE `play`  (
  `playId` int(11) NOT NULL AUTO_INCREMENT,
  `userId` int(11) NOT NULL,
  `songId` int(11) NOT NULL,
  `playTime` timestamp NOT NULL DEFAULT CURRENT_TIMESTAMP,
  PRIMARY KEY (`playId`) USING BTREE,
  INDEX `fk_play_1_idx`(`userId`) USING BTREE,
  INDEX `fk_play_2_idx`(`songId`) USING BTREE,
  CONSTRAINT `fk_play_1` FOREIGN KEY (`userId`) REFERENCES `user` (`userId`) ON DELETE CASCADE ON UPDATE NO ACTION,
  CONSTRAINT `fk_play_2` FOREIGN KEY (`songId`) REFERENCES `song` (`songId`) ON DELETE CASCADE ON UPDATE NO ACTION
) ENGINE = InnoDB AUTO_INCREMENT = 409 CHARACTER SET = utf8 COLLATE = utf8_general_ci ROW_FORMAT = Compact;

-- ----------------------------
-- Records of play
-- ----------------------------
INSERT INTO `play` VALUES (260, 1, 85, '2022-06-17 12:47:44');
INSERT INTO `play` VALUES (261, 1, 4, '2022-06-17 12:48:47');
INSERT INTO `play` VALUES (262, 1, 6, '2022-06-17 12:48:53');
INSERT INTO `play` VALUES (263, 1, 6, '2022-06-17 12:48:55');
INSERT INTO `play` VALUES (264, 1, 11, '2022-06-17 12:48:59');
INSERT INTO `play` VALUES (265, 1, 11, '2022-06-17 12:49:01');
INSERT INTO `play` VALUES (266, 1, 7, '2022-06-17 12:49:15');
INSERT INTO `play` VALUES (267, 1, 222, '2022-06-17 12:49:29');
INSERT INTO `play` VALUES (268, 1, 217, '2022-06-17 12:50:00');
INSERT INTO `play` VALUES (269, 1, 165, '2022-06-17 12:50:40');
INSERT INTO `play` VALUES (270, 1, 2, '2022-06-17 12:51:34');
INSERT INTO `play` VALUES (271, 2011239, 237, '2022-06-17 12:54:18');
INSERT INTO `play` VALUES (272, 2011239, 14, '2022-06-17 12:55:54');
INSERT INTO `play` VALUES (273, 2011239, 28, '2022-06-17 12:56:53');
INSERT INTO `play` VALUES (274, 2011239, 22, '2022-06-17 12:57:28');
INSERT INTO `play` VALUES (275, 2011239, 48, '2022-06-17 12:58:02');
INSERT INTO `play` VALUES (276, 2011239, 217, '2022-06-17 12:58:31');
INSERT INTO `play` VALUES (277, 2011239, 193, '2022-06-17 12:59:01');
INSERT INTO `play` VALUES (278, 1, 28, '2022-06-17 12:59:50');
INSERT INTO `play` VALUES (279, 1, 7, '2022-06-17 13:00:02');
INSERT INTO `play` VALUES (280, 1, 28, '2022-06-17 13:00:16');
INSERT INTO `play` VALUES (281, 1, 48, '2022-06-17 13:00:23');
INSERT INTO `play` VALUES (282, 1, 48, '2022-06-17 13:00:26');
INSERT INTO `play` VALUES (283, 1, 48, '2022-06-17 13:00:29');
INSERT INTO `play` VALUES (284, 1, 48, '2022-06-17 13:00:31');
INSERT INTO `play` VALUES (285, 1, 85, '2022-06-17 13:00:33');
INSERT INTO `play` VALUES (286, 1, 85, '2022-06-17 13:00:35');
INSERT INTO `play` VALUES (287, 1, 85, '2022-06-17 13:00:37');
INSERT INTO `play` VALUES (288, 1, 237, '2022-06-17 13:00:41');
INSERT INTO `play` VALUES (289, 1, 237, '2022-06-17 13:00:44');
INSERT INTO `play` VALUES (290, 1, 237, '2022-06-17 13:00:46');
INSERT INTO `play` VALUES (291, 1, 217, '2022-06-17 13:01:09');
INSERT INTO `play` VALUES (292, 2011240, 48, '2022-06-17 13:07:18');
INSERT INTO `play` VALUES (293, 2011240, 237, '2022-06-17 13:07:25');
INSERT INTO `play` VALUES (294, 2011240, 70, '2022-06-17 13:08:14');
INSERT INTO `play` VALUES (295, 1, 85, '2022-06-17 14:35:23');
INSERT INTO `play` VALUES (296, 1, 2, '2022-06-17 14:52:17');
INSERT INTO `play` VALUES (297, 1, 243, '2022-06-17 19:17:13');
INSERT INTO `play` VALUES (298, 1, 252, '2022-06-17 19:38:06');
INSERT INTO `play` VALUES (299, 1, 248, '2022-06-17 19:38:25');
INSERT INTO `play` VALUES (300, 1, 244, '2022-06-17 19:38:34');
INSERT INTO `play` VALUES (301, 1, 251, '2022-06-17 19:38:42');
INSERT INTO `play` VALUES (302, 1, 253, '2022-06-17 19:42:38');
INSERT INTO `play` VALUES (303, 1, 48, '2022-06-18 10:19:31');
INSERT INTO `play` VALUES (304, 1, 48, '2022-06-20 08:42:01');
INSERT INTO `play` VALUES (305, 1, 217, '2022-06-20 11:19:45');
INSERT INTO `play` VALUES (306, 1, 85, '2022-06-20 11:20:34');
INSERT INTO `play` VALUES (307, 1, 222, '2022-06-20 11:28:24');
INSERT INTO `play` VALUES (308, 1, 244, '2022-06-20 11:30:11');
INSERT INTO `play` VALUES (309, 1, 3, '2022-06-20 11:31:12');
INSERT INTO `play` VALUES (310, 1, 85, '2022-06-20 11:33:11');
INSERT INTO `play` VALUES (311, 2011241, 209, '2022-06-20 11:34:12');
INSERT INTO `play` VALUES (312, 2011241, 248, '2022-06-20 11:35:01');
INSERT INTO `play` VALUES (313, 2011241, 236, '2022-06-20 11:35:10');
INSERT INTO `play` VALUES (314, 1, 7, '2022-06-20 22:13:33');
INSERT INTO `play` VALUES (315, 1, 217, '2022-06-21 10:50:14');
INSERT INTO `play` VALUES (316, 1, 217, '2022-06-21 10:50:23');
INSERT INTO `play` VALUES (317, 1, 217, '2022-06-21 10:51:43');
INSERT INTO `play` VALUES (318, 1, 2, '2022-06-21 11:54:52');
INSERT INTO `play` VALUES (319, 1, 4, '2022-06-21 12:29:03');
INSERT INTO `play` VALUES (320, 1, 217, '2022-06-22 20:15:08');
INSERT INTO `play` VALUES (321, 1, 4, '2022-06-25 16:12:30');
INSERT INTO `play` VALUES (322, 1, 2, '2022-06-25 16:12:39');
INSERT INTO `play` VALUES (323, 1, 217, '2022-06-25 16:16:26');
INSERT INTO `play` VALUES (324, 1, 4, '2022-10-18 21:53:57');
INSERT INTO `play` VALUES (325, 1, 6, '2022-10-18 21:54:02');
INSERT INTO `play` VALUES (326, 1, 4, '2022-10-23 23:00:22');
INSERT INTO `play` VALUES (327, 1, 217, '2022-10-23 23:02:39');
INSERT INTO `play` VALUES (328, 1, 2, '2022-10-23 23:02:55');
INSERT INTO `play` VALUES (329, 1, 2, '2022-10-23 23:03:42');
INSERT INTO `play` VALUES (330, 1, 7, '2022-10-23 23:36:31');
INSERT INTO `play` VALUES (331, 1, 2, '2022-10-23 23:39:58');
INSERT INTO `play` VALUES (332, 1, 2, '2022-10-23 23:42:09');
INSERT INTO `play` VALUES (333, 1, 4, '2022-10-23 23:43:05');
INSERT INTO `play` VALUES (334, 1, 2, '2022-10-23 23:46:56');
INSERT INTO `play` VALUES (335, 1, 2, '2022-10-23 23:50:51');
INSERT INTO `play` VALUES (336, 1, 4, '2022-10-23 23:52:44');
INSERT INTO `play` VALUES (337, 1, 2, '2022-10-23 23:55:33');
INSERT INTO `play` VALUES (338, 1, 2, '2022-10-24 00:02:13');
INSERT INTO `play` VALUES (339, 1, 4, '2022-10-24 00:03:00');
INSERT INTO `play` VALUES (340, 1, 2, '2022-10-24 00:03:04');
INSERT INTO `play` VALUES (341, 1, 4, '2022-10-24 00:03:09');
INSERT INTO `play` VALUES (342, 1, 4, '2022-10-24 00:07:56');
INSERT INTO `play` VALUES (343, 1, 4, '2022-10-24 19:50:35');
INSERT INTO `play` VALUES (344, 1, 217, '2022-10-24 19:50:39');
INSERT INTO `play` VALUES (345, 1, 4, '2022-11-23 16:21:39');
INSERT INTO `play` VALUES (346, 1, 5, '2022-11-23 16:22:42');
INSERT INTO `play` VALUES (347, 1, 5, '2022-11-23 16:22:49');
INSERT INTO `play` VALUES (348, 1, 5, '2022-11-23 16:22:59');
INSERT INTO `play` VALUES (349, 1, 4, '2022-11-23 16:39:32');
INSERT INTO `play` VALUES (350, 1, 6, '2022-11-23 16:39:47');
INSERT INTO `play` VALUES (351, 1, 6, '2022-11-23 16:39:53');
INSERT INTO `play` VALUES (352, 1, 2, '2022-11-23 16:41:31');
INSERT INTO `play` VALUES (353, 1, 2, '2022-11-23 16:44:42');
INSERT INTO `play` VALUES (354, 1, 4, '2022-11-23 16:48:37');
INSERT INTO `play` VALUES (355, 1, 2, '2022-11-23 17:08:19');
INSERT INTO `play` VALUES (356, 1, 4, '2022-11-23 17:27:13');
INSERT INTO `play` VALUES (357, 1, 2, '2022-11-23 17:39:05');
INSERT INTO `play` VALUES (358, 1, 5, '2022-11-23 17:44:17');
INSERT INTO `play` VALUES (359, 1, 2, '2022-11-23 17:46:02');
INSERT INTO `play` VALUES (360, 1, 4, '2022-11-23 17:50:30');
INSERT INTO `play` VALUES (361, 1, 4, '2022-11-23 17:52:25');
INSERT INTO `play` VALUES (362, 1, 4, '2022-11-23 17:53:18');
INSERT INTO `play` VALUES (363, 1, 4, '2022-11-23 17:54:12');
INSERT INTO `play` VALUES (364, 1, 4, '2022-11-23 18:00:48');
INSERT INTO `play` VALUES (365, 1, 7, '2022-11-23 18:02:51');
INSERT INTO `play` VALUES (366, 1, 4, '2022-11-23 18:09:27');
INSERT INTO `play` VALUES (367, 1, 4, '2022-11-23 18:28:31');
INSERT INTO `play` VALUES (368, 1, 4, '2022-11-23 18:32:32');
INSERT INTO `play` VALUES (369, 1, 4, '2022-11-23 18:35:42');
INSERT INTO `play` VALUES (370, 1, 4, '2022-11-23 18:56:24');
INSERT INTO `play` VALUES (371, 1, 4, '2022-11-23 19:08:35');
INSERT INTO `play` VALUES (372, 1, 4, '2022-11-23 19:12:40');
INSERT INTO `play` VALUES (373, 1, 7, '2022-11-23 19:12:59');
INSERT INTO `play` VALUES (374, 2011230, 4, '2022-11-23 19:14:02');
INSERT INTO `play` VALUES (375, 2011230, 2, '2022-11-23 19:14:07');
INSERT INTO `play` VALUES (376, 2011230, 217, '2022-11-23 19:14:55');
INSERT INTO `play` VALUES (377, 2011242, 4, '2022-11-23 19:16:05');
INSERT INTO `play` VALUES (378, 2011242, 244, '2022-11-23 19:16:11');
INSERT INTO `play` VALUES (379, 1, 246, '2022-11-23 19:22:27');
INSERT INTO `play` VALUES (380, 1, 4, '2022-11-23 19:29:53');
INSERT INTO `play` VALUES (381, 1, 6, '2022-11-23 19:31:20');
INSERT INTO `play` VALUES (382, 2011243, 247, '2022-11-23 20:09:50');
INSERT INTO `play` VALUES (383, 2011244, 248, '2022-11-23 20:15:07');
INSERT INTO `play` VALUES (384, 2011244, 2, '2022-11-23 20:15:45');
INSERT INTO `play` VALUES (385, 1, 2, '2022-11-28 16:09:07');
INSERT INTO `play` VALUES (386, 1, 246, '2022-11-28 16:10:08');
INSERT INTO `play` VALUES (387, 2011245, 6, '2022-12-01 09:37:34');
INSERT INTO `play` VALUES (388, 2011245, 243, '2022-12-01 09:38:19');
INSERT INTO `play` VALUES (389, 2011246, 6, '2022-12-01 15:28:10');
INSERT INTO `play` VALUES (390, 2011246, 244, '2022-12-01 15:28:49');
INSERT INTO `play` VALUES (391, 2011247, 4, '2023-01-24 19:51:03');
INSERT INTO `play` VALUES (392, 1, 4, '2023-02-15 15:56:31');
INSERT INTO `play` VALUES (393, 1, 28, '2023-02-15 15:57:00');
INSERT INTO `play` VALUES (394, 1, 222, '2023-02-15 15:57:19');
INSERT INTO `play` VALUES (395, 1, 244, '2023-02-15 18:04:32');
INSERT INTO `play` VALUES (396, 1, 4, '2023-02-15 18:04:42');
INSERT INTO `play` VALUES (397, 1, 4, '2023-02-17 09:13:44');
INSERT INTO `play` VALUES (398, 1, 2, '2023-02-17 09:14:02');
INSERT INTO `play` VALUES (399, 1, 222, '2023-02-17 09:14:18');
INSERT INTO `play` VALUES (400, 1, 2, '2023-02-23 15:51:49');
INSERT INTO `play` VALUES (401, 1, 3, '2023-02-23 15:51:54');
INSERT INTO `play` VALUES (402, 1, 165, '2023-02-23 15:52:01');
INSERT INTO `play` VALUES (403, 1, 222, '2023-02-23 15:52:06');
INSERT INTO `play` VALUES (404, 1, 246, '2023-02-23 15:52:10');
INSERT INTO `play` VALUES (405, 1, 28, '2023-02-25 15:08:31');
INSERT INTO `play` VALUES (406, 1, 4, '2023-02-25 16:08:33');
INSERT INTO `play` VALUES (407, 1, 4, '2023-02-26 10:06:16');
INSERT INTO `play` VALUES (408, 1, 222, '2023-02-26 10:07:26');

-- ----------------------------
-- Table structure for reca
-- ----------------------------
DROP TABLE IF EXISTS `reca`;
CREATE TABLE `reca`  (
  `recId` int(11) NOT NULL AUTO_INCREMENT,
  `userId` int(11) NOT NULL,
  `songId` int(11) NOT NULL,
  PRIMARY KEY (`recId`) USING BTREE,
  INDEX `fk_reca_1_idx`(`userId`) USING BTREE,
  INDEX `fk_reca_2_idx`(`songId`) USING BTREE,
  CONSTRAINT `fk_reca_1` FOREIGN KEY (`userId`) REFERENCES `user` (`userId`) ON DELETE CASCADE ON UPDATE RESTRICT,
  CONSTRAINT `fk_reca_2` FOREIGN KEY (`songId`) REFERENCES `song` (`songId`) ON DELETE CASCADE ON UPDATE RESTRICT
) ENGINE = InnoDB AUTO_INCREMENT = 18276 CHARACTER SET = utf8 COLLATE = utf8_general_ci ROW_FORMAT = Compact;

-- ----------------------------
-- Records of reca
-- ----------------------------
INSERT INTO `reca` VALUES (18031, 1, 4);
INSERT INTO `reca` VALUES (18032, 1, 5);
INSERT INTO `reca` VALUES (18033, 1, 6);
INSERT INTO `reca` VALUES (18034, 1, 7);
INSERT INTO `reca` VALUES (18035, 1, 8);
INSERT INTO `reca` VALUES (18036, 1, 9);
INSERT INTO `reca` VALUES (18037, 1, 10);
INSERT INTO `reca` VALUES (18038, 1, 11);
INSERT INTO `reca` VALUES (18039, 1, 12);
INSERT INTO `reca` VALUES (18040, 1, 13);
INSERT INTO `reca` VALUES (18041, 2, 224);
INSERT INTO `reca` VALUES (18042, 2, 234);
INSERT INTO `reca` VALUES (18043, 2, 212);
INSERT INTO `reca` VALUES (18044, 2, 228);
INSERT INTO `reca` VALUES (18045, 2, 198);
INSERT INTO `reca` VALUES (18046, 2, 239);
INSERT INTO `reca` VALUES (18047, 2, 220);
INSERT INTO `reca` VALUES (18049, 2, 192);
INSERT INTO `reca` VALUES (18050, 2, 207);
INSERT INTO `reca` VALUES (18051, 4, 212);
INSERT INTO `reca` VALUES (18052, 4, 234);
INSERT INTO `reca` VALUES (18053, 4, 239);
INSERT INTO `reca` VALUES (18054, 4, 228);
INSERT INTO `reca` VALUES (18055, 4, 198);
INSERT INTO `reca` VALUES (18056, 4, 3);
INSERT INTO `reca` VALUES (18057, 4, 220);
INSERT INTO `reca` VALUES (18059, 4, 192);
INSERT INTO `reca` VALUES (18060, 4, 207);
INSERT INTO `reca` VALUES (18061, 5, 5);
INSERT INTO `reca` VALUES (18062, 5, 9);
INSERT INTO `reca` VALUES (18063, 5, 4);
INSERT INTO `reca` VALUES (18064, 5, 10);
INSERT INTO `reca` VALUES (18065, 5, 6);
INSERT INTO `reca` VALUES (18066, 5, 7);
INSERT INTO `reca` VALUES (18067, 5, 8);
INSERT INTO `reca` VALUES (18068, 5, 3);
INSERT INTO `reca` VALUES (18069, 5, 229);
INSERT INTO `reca` VALUES (18070, 5, 11);
INSERT INTO `reca` VALUES (18081, 6, 240);
INSERT INTO `reca` VALUES (18082, 6, 207);
INSERT INTO `reca` VALUES (18083, 6, 234);
INSERT INTO `reca` VALUES (18084, 6, 2);
INSERT INTO `reca` VALUES (18085, 6, 198);
INSERT INTO `reca` VALUES (18086, 6, 220);
INSERT INTO `reca` VALUES (18087, 6, 228);
INSERT INTO `reca` VALUES (18088, 6, 239);
INSERT INTO `reca` VALUES (18090, 6, 193);
INSERT INTO `reca` VALUES (18091, 7, 209);
INSERT INTO `reca` VALUES (18092, 7, 230);
INSERT INTO `reca` VALUES (18093, 7, 229);
INSERT INTO `reca` VALUES (18094, 7, 220);
INSERT INTO `reca` VALUES (18095, 7, 212);
INSERT INTO `reca` VALUES (18096, 7, 224);
INSERT INTO `reca` VALUES (18097, 7, 228);
INSERT INTO `reca` VALUES (18098, 7, 192);
INSERT INTO `reca` VALUES (18099, 7, 207);
INSERT INTO `reca` VALUES (18100, 7, 234);
INSERT INTO `reca` VALUES (18111, 9, 233);
INSERT INTO `reca` VALUES (18112, 9, 198);
INSERT INTO `reca` VALUES (18113, 9, 228);
INSERT INTO `reca` VALUES (18114, 9, 193);
INSERT INTO `reca` VALUES (18115, 9, 240);
INSERT INTO `reca` VALUES (18116, 9, 3);
INSERT INTO `reca` VALUES (18117, 9, 220);
INSERT INTO `reca` VALUES (18118, 9, 2);
INSERT INTO `reca` VALUES (18120, 9, 239);
INSERT INTO `reca` VALUES (18141, 1, 2);
INSERT INTO `reca` VALUES (18142, 1, 3);
INSERT INTO `reca` VALUES (18143, 1, 4);
INSERT INTO `reca` VALUES (18144, 1, 3);
INSERT INTO `reca` VALUES (18145, 1, 4);
INSERT INTO `reca` VALUES (18186, 2011239, 237);
INSERT INTO `reca` VALUES (18187, 2011239, 233);
INSERT INTO `reca` VALUES (18188, 2011239, 225);
INSERT INTO `reca` VALUES (18189, 2011239, 224);
INSERT INTO `reca` VALUES (18190, 2011239, 220);
INSERT INTO `reca` VALUES (18191, 2011239, 211);
INSERT INTO `reca` VALUES (18192, 2011239, 209);
INSERT INTO `reca` VALUES (18193, 2011239, 206);
INSERT INTO `reca` VALUES (18194, 2011239, 197);
INSERT INTO `reca` VALUES (18195, 2011239, 193);
INSERT INTO `reca` VALUES (18196, 2011240, 232);
INSERT INTO `reca` VALUES (18197, 2011240, 228);
INSERT INTO `reca` VALUES (18198, 2011240, 223);
INSERT INTO `reca` VALUES (18199, 2011240, 217);
INSERT INTO `reca` VALUES (18200, 2011240, 212);
INSERT INTO `reca` VALUES (18201, 2011240, 202);
INSERT INTO `reca` VALUES (18202, 2011240, 201);
INSERT INTO `reca` VALUES (18203, 2011240, 199);
INSERT INTO `reca` VALUES (18204, 2011240, 196);
INSERT INTO `reca` VALUES (18205, 2011240, 194);
INSERT INTO `reca` VALUES (18206, 2011241, 249);
INSERT INTO `reca` VALUES (18207, 2011241, 248);
INSERT INTO `reca` VALUES (18208, 2011241, 239);
INSERT INTO `reca` VALUES (18209, 2011241, 236);
INSERT INTO `reca` VALUES (18210, 2011241, 224);
INSERT INTO `reca` VALUES (18211, 2011241, 211);
INSERT INTO `reca` VALUES (18212, 2011241, 209);
INSERT INTO `reca` VALUES (18213, 2011241, 208);
INSERT INTO `reca` VALUES (18214, 2011241, 207);
INSERT INTO `reca` VALUES (18215, 2011241, 203);
INSERT INTO `reca` VALUES (18216, 2011242, 250);
INSERT INTO `reca` VALUES (18217, 2011242, 249);
INSERT INTO `reca` VALUES (18218, 2011242, 243);
INSERT INTO `reca` VALUES (18219, 2011242, 242);
INSERT INTO `reca` VALUES (18220, 2011242, 235);
INSERT INTO `reca` VALUES (18221, 2011242, 225);
INSERT INTO `reca` VALUES (18222, 2011242, 214);
INSERT INTO `reca` VALUES (18223, 2011242, 212);
INSERT INTO `reca` VALUES (18224, 2011242, 211);
INSERT INTO `reca` VALUES (18225, 2011242, 208);
INSERT INTO `reca` VALUES (18226, 2011243, 252);
INSERT INTO `reca` VALUES (18227, 2011243, 247);
INSERT INTO `reca` VALUES (18228, 2011243, 235);
INSERT INTO `reca` VALUES (18229, 2011243, 234);
INSERT INTO `reca` VALUES (18230, 2011243, 229);
INSERT INTO `reca` VALUES (18231, 2011243, 219);
INSERT INTO `reca` VALUES (18232, 2011243, 210);
INSERT INTO `reca` VALUES (18233, 2011243, 209);
INSERT INTO `reca` VALUES (18234, 2011243, 208);
INSERT INTO `reca` VALUES (18235, 2011243, 203);
INSERT INTO `reca` VALUES (18236, 2011244, 248);
INSERT INTO `reca` VALUES (18237, 2011244, 247);
INSERT INTO `reca` VALUES (18238, 2011244, 238);
INSERT INTO `reca` VALUES (18239, 2011244, 234);
INSERT INTO `reca` VALUES (18240, 2011244, 232);
INSERT INTO `reca` VALUES (18241, 2011244, 220);
INSERT INTO `reca` VALUES (18242, 2011244, 219);
INSERT INTO `reca` VALUES (18243, 2011244, 218);
INSERT INTO `reca` VALUES (18244, 2011244, 215);
INSERT INTO `reca` VALUES (18245, 2011244, 202);
INSERT INTO `reca` VALUES (18246, 2011245, 240);
INSERT INTO `reca` VALUES (18247, 2011245, 233);
INSERT INTO `reca` VALUES (18248, 2011245, 231);
INSERT INTO `reca` VALUES (18249, 2011245, 228);
INSERT INTO `reca` VALUES (18250, 2011245, 223);
INSERT INTO `reca` VALUES (18251, 2011245, 218);
INSERT INTO `reca` VALUES (18252, 2011245, 212);
INSERT INTO `reca` VALUES (18253, 2011245, 206);
INSERT INTO `reca` VALUES (18254, 2011245, 204);
INSERT INTO `reca` VALUES (18255, 2011245, 203);
INSERT INTO `reca` VALUES (18256, 2011246, 253);
INSERT INTO `reca` VALUES (18257, 2011246, 247);
INSERT INTO `reca` VALUES (18258, 2011246, 239);
INSERT INTO `reca` VALUES (18259, 2011246, 237);
INSERT INTO `reca` VALUES (18260, 2011246, 236);
INSERT INTO `reca` VALUES (18261, 2011246, 228);
INSERT INTO `reca` VALUES (18262, 2011246, 225);
INSERT INTO `reca` VALUES (18263, 2011246, 219);
INSERT INTO `reca` VALUES (18264, 2011246, 218);
INSERT INTO `reca` VALUES (18265, 2011246, 210);
INSERT INTO `reca` VALUES (18266, 2011247, 249);
INSERT INTO `reca` VALUES (18267, 2011247, 247);
INSERT INTO `reca` VALUES (18268, 2011247, 242);
INSERT INTO `reca` VALUES (18269, 2011247, 240);
INSERT INTO `reca` VALUES (18270, 2011247, 224);
INSERT INTO `reca` VALUES (18271, 2011247, 218);
INSERT INTO `reca` VALUES (18272, 2011247, 217);
INSERT INTO `reca` VALUES (18273, 2011247, 216);
INSERT INTO `reca` VALUES (18274, 2011247, 208);
INSERT INTO `reca` VALUES (18275, 2011247, 205);

-- ----------------------------
-- Table structure for recb
-- ----------------------------
DROP TABLE IF EXISTS `recb`;
CREATE TABLE `recb`  (
  `recId` int(11) NOT NULL AUTO_INCREMENT,
  `userId` int(11) NOT NULL,
  `songId` int(11) NOT NULL,
  PRIMARY KEY (`recId`) USING BTREE,
  INDEX `fk_recb_1_idx`(`userId`) USING BTREE,
  INDEX `fk_recb_2_idx`(`songId`) USING BTREE,
  CONSTRAINT `fk_recb_1` FOREIGN KEY (`userId`) REFERENCES `user` (`userId`) ON DELETE CASCADE ON UPDATE RESTRICT,
  CONSTRAINT `fk_recb_2` FOREIGN KEY (`songId`) REFERENCES `song` (`songId`) ON DELETE CASCADE ON UPDATE RESTRICT
) ENGINE = InnoDB AUTO_INCREMENT = 6724 CHARACTER SET = utf8 COLLATE = utf8_general_ci ROW_FORMAT = Compact;

-- ----------------------------
-- Records of recb
-- ----------------------------
INSERT INTO `recb` VALUES (6611, 1, 4);
INSERT INTO `recb` VALUES (6612, 1, 5);
INSERT INTO `recb` VALUES (6613, 1, 6);
INSERT INTO `recb` VALUES (6614, 1, 7);
INSERT INTO `recb` VALUES (6615, 1, 8);
INSERT INTO `recb` VALUES (6616, 1, 9);
INSERT INTO `recb` VALUES (6617, 1, 10);
INSERT INTO `recb` VALUES (6618, 1, 11);
INSERT INTO `recb` VALUES (6619, 1, 12);
INSERT INTO `recb` VALUES (6620, 1, 13);
INSERT INTO `recb` VALUES (6621, 2, 224);
INSERT INTO `recb` VALUES (6622, 2, 234);
INSERT INTO `recb` VALUES (6623, 2, 212);
INSERT INTO `recb` VALUES (6624, 2, 228);
INSERT INTO `recb` VALUES (6625, 2, 198);
INSERT INTO `recb` VALUES (6626, 2, 239);
INSERT INTO `recb` VALUES (6627, 2, 220);
INSERT INTO `recb` VALUES (6629, 2, 192);
INSERT INTO `recb` VALUES (6630, 2, 207);
INSERT INTO `recb` VALUES (6631, 4, 212);
INSERT INTO `recb` VALUES (6632, 4, 234);
INSERT INTO `recb` VALUES (6633, 4, 239);
INSERT INTO `recb` VALUES (6634, 4, 228);
INSERT INTO `recb` VALUES (6635, 4, 198);
INSERT INTO `recb` VALUES (6636, 4, 3);
INSERT INTO `recb` VALUES (6637, 4, 220);
INSERT INTO `recb` VALUES (6639, 4, 192);
INSERT INTO `recb` VALUES (6640, 4, 207);
INSERT INTO `recb` VALUES (6641, 5, 5);
INSERT INTO `recb` VALUES (6642, 5, 9);
INSERT INTO `recb` VALUES (6643, 5, 4);
INSERT INTO `recb` VALUES (6644, 5, 10);
INSERT INTO `recb` VALUES (6645, 5, 6);
INSERT INTO `recb` VALUES (6646, 5, 7);
INSERT INTO `recb` VALUES (6647, 5, 8);
INSERT INTO `recb` VALUES (6648, 5, 3);
INSERT INTO `recb` VALUES (6649, 5, 229);
INSERT INTO `recb` VALUES (6650, 5, 11);
INSERT INTO `recb` VALUES (6661, 6, 240);
INSERT INTO `recb` VALUES (6662, 6, 207);
INSERT INTO `recb` VALUES (6663, 6, 234);
INSERT INTO `recb` VALUES (6664, 6, 2);
INSERT INTO `recb` VALUES (6665, 6, 198);
INSERT INTO `recb` VALUES (6666, 6, 220);
INSERT INTO `recb` VALUES (6667, 6, 228);
INSERT INTO `recb` VALUES (6668, 6, 239);
INSERT INTO `recb` VALUES (6670, 6, 193);
INSERT INTO `recb` VALUES (6671, 7, 209);
INSERT INTO `recb` VALUES (6672, 7, 230);
INSERT INTO `recb` VALUES (6673, 7, 229);
INSERT INTO `recb` VALUES (6674, 7, 220);
INSERT INTO `recb` VALUES (6675, 7, 212);
INSERT INTO `recb` VALUES (6676, 7, 224);
INSERT INTO `recb` VALUES (6677, 7, 228);
INSERT INTO `recb` VALUES (6678, 7, 192);
INSERT INTO `recb` VALUES (6679, 7, 207);
INSERT INTO `recb` VALUES (6680, 7, 234);
INSERT INTO `recb` VALUES (6691, 9, 233);
INSERT INTO `recb` VALUES (6692, 9, 198);
INSERT INTO `recb` VALUES (6693, 9, 228);
INSERT INTO `recb` VALUES (6694, 9, 193);
INSERT INTO `recb` VALUES (6695, 9, 240);
INSERT INTO `recb` VALUES (6696, 9, 3);
INSERT INTO `recb` VALUES (6697, 9, 220);
INSERT INTO `recb` VALUES (6698, 9, 2);
INSERT INTO `recb` VALUES (6700, 9, 239);
INSERT INTO `recb` VALUES (6721, 1, 2);
INSERT INTO `recb` VALUES (6722, 1, 3);
INSERT INTO `recb` VALUES (6723, 1, 4);

-- ----------------------------
-- Table structure for review
-- ----------------------------
DROP TABLE IF EXISTS `review`;
CREATE TABLE `review`  (
  `reviewId` int(11) NOT NULL AUTO_INCREMENT,
  `userId` int(11) NOT NULL,
  `songId` int(11) NOT NULL,
  `review` varchar(140) CHARACTER SET utf8 COLLATE utf8_general_ci NOT NULL,
  `reviewTime` timestamp NOT NULL DEFAULT CURRENT_TIMESTAMP,
  PRIMARY KEY (`reviewId`) USING BTREE,
  INDEX `fk_review_1_idx`(`userId`) USING BTREE,
  INDEX `fk_review_2_idx`(`songId`) USING BTREE,
  CONSTRAINT `fk_review_1` FOREIGN KEY (`userId`) REFERENCES `user` (`userId`) ON DELETE CASCADE ON UPDATE NO ACTION,
  CONSTRAINT `fk_review_2` FOREIGN KEY (`songId`) REFERENCES `song` (`songId`) ON DELETE CASCADE ON UPDATE NO ACTION
) ENGINE = InnoDB AUTO_INCREMENT = 111 CHARACTER SET = utf8 COLLATE = utf8_general_ci ROW_FORMAT = Compact;

-- ----------------------------
-- Records of review
-- ----------------------------
INSERT INTO `review` VALUES (16, 1, 2, '是撒多', '2022-10-23 23:01:54');
INSERT INTO `review` VALUES (17, 1, 2, '说说您的看法吧！', '2022-10-23 23:55:35');
INSERT INTO `review` VALUES (18, 1, 2, '说说您的看法吧！', '2022-10-23 23:55:35');
INSERT INTO `review` VALUES (19, 1, 2, '说说您的看法吧！', '2022-10-23 23:55:35');
INSERT INTO `review` VALUES (20, 1, 2, '说说您的看法吧！', '2022-10-23 23:55:36');
INSERT INTO `review` VALUES (21, 1, 2, '说说您的看法吧！', '2022-10-23 23:55:36');
INSERT INTO `review` VALUES (22, 1, 2, '说说您的看法吧！', '2022-10-23 23:55:36');
INSERT INTO `review` VALUES (23, 1, 2, '说说您的看法吧！', '2022-10-23 23:55:36');
INSERT INTO `review` VALUES (24, 1, 2, '说说您的看法吧！', '2022-10-23 23:55:37');
INSERT INTO `review` VALUES (25, 1, 2, '说说您的看法吧！', '2022-10-23 23:55:37');
INSERT INTO `review` VALUES (26, 1, 2, '说说您的看法吧！', '2022-10-23 23:55:39');
INSERT INTO `review` VALUES (27, 1, 2, '说说您的看法吧！', '2022-10-23 23:55:39');
INSERT INTO `review` VALUES (28, 1, 2, '说说您的看法吧！', '2022-10-23 23:55:39');
INSERT INTO `review` VALUES (29, 1, 2, '说说您的看法吧！', '2022-10-23 23:55:40');
INSERT INTO `review` VALUES (30, 1, 2, '说说您的看法吧！', '2022-10-24 00:02:15');
INSERT INTO `review` VALUES (31, 1, 2, '说说您的看法吧！', '2022-10-24 00:02:43');
INSERT INTO `review` VALUES (32, 1, 4, '说说您的看法吧！', '2022-10-24 00:03:16');
INSERT INTO `review` VALUES (33, 1, 4, '说说您的看法吧！', '2022-10-24 00:08:03');
INSERT INTO `review` VALUES (34, 1, 4, '说说您的看法吧！', '2022-10-24 00:08:29');
INSERT INTO `review` VALUES (35, 1, 4, '说说您的看法吧！', '2022-10-24 00:08:36');
INSERT INTO `review` VALUES (36, 1, 4, '说说您的看法吧！', '2022-10-24 00:08:44');
INSERT INTO `review` VALUES (37, 1, 4, '说说您的看法吧！', '2022-10-24 00:08:59');
INSERT INTO `review` VALUES (38, 1, 217, '说说您的看法吧！', '2022-10-24 19:50:41');
INSERT INTO `review` VALUES (39, 1, 217, '说说您的看法吧！', '2022-10-24 19:50:44');
INSERT INTO `review` VALUES (40, 1, 217, '说说您的看法吧！', '2022-10-24 19:51:33');
INSERT INTO `review` VALUES (41, 1, 217, '说说您的看法吧！', '2022-10-24 19:51:33');
INSERT INTO `review` VALUES (42, 1, 4, '说说您的看法吧！', '2022-11-23 16:22:26');
INSERT INTO `review` VALUES (43, 1, 4, '说说您的看法吧！', '2022-11-23 16:22:29');
INSERT INTO `review` VALUES (44, 1, 4, '说说您的看法吧！', '2022-11-23 16:22:32');
INSERT INTO `review` VALUES (45, 1, 4, '说说您的看法吧！', '2022-11-23 16:22:33');
INSERT INTO `review` VALUES (46, 1, 5, '说说您的看法吧！', '2022-11-23 16:22:45');
INSERT INTO `review` VALUES (47, 1, 5, '说说您的看法吧！', '2022-11-23 16:22:53');
INSERT INTO `review` VALUES (48, 1, 5, '说说您的看法吧！', '2022-11-23 16:28:10');
INSERT INTO `review` VALUES (49, 1, 5, '说说您的看法吧！', '2022-11-23 16:29:39');
INSERT INTO `review` VALUES (50, 1, 5, 'asdad', '2022-11-23 16:30:22');
INSERT INTO `review` VALUES (51, 1, 5, 'asdad', '2022-11-23 16:38:33');
INSERT INTO `review` VALUES (52, 1, 5, 'asdad', '2022-11-23 16:38:34');
INSERT INTO `review` VALUES (53, 1, 5, 'asdad', '2022-11-23 16:38:35');
INSERT INTO `review` VALUES (54, 1, 5, 'asdad', '2022-11-23 16:38:36');
INSERT INTO `review` VALUES (55, 1, 6, '说说您的看法吧！', '2022-11-23 16:39:49');
INSERT INTO `review` VALUES (56, 1, 2, '说说您的看法吧！', '2022-11-23 16:44:05');
INSERT INTO `review` VALUES (57, 1, 2, '66666', '2022-11-23 16:44:40');
INSERT INTO `review` VALUES (58, 1, 2, '法规和规范', '2022-11-23 16:45:06');
INSERT INTO `review` VALUES (59, 1, 4, '6666\n', '2022-11-23 16:49:53');
INSERT INTO `review` VALUES (60, 1, 4, '6666\n', '2022-11-23 16:57:02');
INSERT INTO `review` VALUES (61, 1, 2, '说说您的看法吧！', '2022-11-23 17:08:21');
INSERT INTO `review` VALUES (62, 1, 2, 'adadsfsaffsf', '2022-11-23 17:08:30');
INSERT INTO `review` VALUES (63, 1, 4, '说说您的看法吧！', '2022-11-23 17:27:19');
INSERT INTO `review` VALUES (64, 1, 2, '阿萨大师', '2022-11-23 17:39:10');
INSERT INTO `review` VALUES (65, 1, 2, '阿萨大师', '2022-11-23 17:39:13');
INSERT INTO `review` VALUES (66, 1, 5, '洒点水', '2022-11-23 17:44:28');
INSERT INTO `review` VALUES (67, 1, 5, '洒点水', '2022-11-23 17:44:29');
INSERT INTO `review` VALUES (68, 1, 5, '洒点水', '2022-11-23 17:44:29');
INSERT INTO `review` VALUES (69, 1, 5, '洒点水', '2022-11-23 17:44:29');
INSERT INTO `review` VALUES (70, 1, 2, 'sad', '2022-11-23 17:46:10');
INSERT INTO `review` VALUES (71, 1, 4, '阿萨斯多', '2022-11-23 17:50:35');
INSERT INTO `review` VALUES (72, 1, 4, '阿萨斯多', '2022-11-23 17:50:44');
INSERT INTO `review` VALUES (73, 1, 4, '阿萨斯多', '2022-11-23 17:50:44');
INSERT INTO `review` VALUES (74, 1, 4, '阿萨斯多', '2022-11-23 17:50:44');
INSERT INTO `review` VALUES (75, 1, 4, '阿萨斯多', '2022-11-23 17:50:53');
INSERT INTO `review` VALUES (76, 1, 4, '阿萨斯多', '2022-11-23 17:50:53');
INSERT INTO `review` VALUES (77, 1, 4, '阿萨斯多', '2022-11-23 17:50:53');
INSERT INTO `review` VALUES (78, 1, 4, '从中选出', '2022-11-23 17:53:24');
INSERT INTO `review` VALUES (79, 1, 4, '阿斯顿撒旦', '2022-11-23 17:54:16');
INSERT INTO `review` VALUES (80, 1, 4, '爱仕达奥多多', '2022-11-23 18:00:54');
INSERT INTO `review` VALUES (81, 1, 7, '阿斯顿撒', '2022-11-23 18:02:56');
INSERT INTO `review` VALUES (82, 1, 4, '阿萨四', '2022-11-23 18:09:34');
INSERT INTO `review` VALUES (83, 1, 4, '啊实打实的', '2022-11-23 18:28:36');
INSERT INTO `review` VALUES (84, 1, 4, 'sad阿', '2022-11-23 18:32:39');
INSERT INTO `review` VALUES (85, 1, 4, '阿萨', '2022-11-23 18:33:21');
INSERT INTO `review` VALUES (86, 1, 4, '撒大声地', '2022-11-23 18:35:46');
INSERT INTO `review` VALUES (87, 1, 4, '驱蚊器无', '2022-11-23 18:35:53');
INSERT INTO `review` VALUES (88, 1, 4, '王企鹅群翁', '2022-11-23 18:56:29');
INSERT INTO `review` VALUES (89, 1, 4, '驱蚊器', '2022-11-23 18:56:33');
INSERT INTO `review` VALUES (90, 1, 4, '其味无穷', '2022-11-23 18:56:37');
INSERT INTO `review` VALUES (91, 1, 4, '说说您的看法吧！', '2022-11-23 19:08:37');
INSERT INTO `review` VALUES (92, 1, 4, '撒大声地所', '2022-11-23 19:08:41');
INSERT INTO `review` VALUES (93, 1, 4, '阿萨大师', '2022-11-23 19:10:04');
INSERT INTO `review` VALUES (94, 1, 4, '第三方士大夫1', '2022-11-23 19:12:48');
INSERT INTO `review` VALUES (95, 1, 7, '王企鹅无群二', '2022-11-23 19:13:07');
INSERT INTO `review` VALUES (96, 2011242, 244, 'asdasdass', '2022-11-23 19:16:16');
INSERT INTO `review` VALUES (97, 1, 4, '说说您的看法吧！大声道', '2022-11-23 19:29:58');
INSERT INTO `review` VALUES (98, 1, 6, '驱蚊器无1', '2022-11-23 19:31:29');
INSERT INTO `review` VALUES (99, 2011243, 247, 'asdsadsaassadass', '2022-11-23 20:10:01');
INSERT INTO `review` VALUES (100, 2011243, 247, 'haSJOJO', '2022-11-23 20:10:06');
INSERT INTO `review` VALUES (101, 2011244, 248, '速度快就是快递费', '2022-11-23 20:15:15');
INSERT INTO `review` VALUES (102, 2011244, 248, '大声道', '2022-11-23 20:15:18');
INSERT INTO `review` VALUES (103, 2011244, 2, 'sad阿', '2022-11-23 20:15:51');
INSERT INTO `review` VALUES (104, 1, 246, '撒大声地', '2022-11-28 16:10:27');
INSERT INTO `review` VALUES (105, 2011245, 6, '111111', '2022-12-01 09:37:44');
INSERT INTO `review` VALUES (106, 2011246, 6, 'ssfdsdv', '2022-12-01 15:28:18');
INSERT INTO `review` VALUES (107, 1, 222, 'hello ', '2023-02-15 15:57:37');
INSERT INTO `review` VALUES (108, 1, 28, '说说您的看法吧！asx', '2023-02-25 15:08:36');
INSERT INTO `review` VALUES (109, 1, 4, '驱蚊器无无', '2023-02-25 16:08:45');
INSERT INTO `review` VALUES (110, 1, 4, '说说您的看法吧！消毒柜丰东股份', '2023-02-26 10:06:27');

-- ----------------------------
-- Table structure for role
-- ----------------------------
DROP TABLE IF EXISTS `role`;
CREATE TABLE `role`  (
  `roleId` int(11) NOT NULL AUTO_INCREMENT,
  `roleName` varchar(45) CHARACTER SET utf8 COLLATE utf8_general_ci NOT NULL,
  PRIMARY KEY (`roleId`) USING BTREE
) ENGINE = InnoDB AUTO_INCREMENT = 2 CHARACTER SET = utf8 COLLATE = utf8_general_ci ROW_FORMAT = Compact;

-- ----------------------------
-- Records of role
-- ----------------------------
INSERT INTO `role` VALUES (1, '管理员');

-- ----------------------------
-- Table structure for song
-- ----------------------------
DROP TABLE IF EXISTS `song`;
CREATE TABLE `song`  (
  `songId` int(11) NOT NULL AUTO_INCREMENT,
  `songName` varchar(45) CHARACTER SET utf8 COLLATE utf8_general_ci NOT NULL,
  `songAddress` varchar(255) CHARACTER SET utf8 COLLATE utf8_general_ci NOT NULL,
  `lyricName` varchar(120) CHARACTER SET utf8 COLLATE utf8_general_ci NULL DEFAULT NULL,
  `lyricAddress` varchar(255) CHARACTER SET utf8 COLLATE utf8_general_ci NULL DEFAULT NULL,
  PRIMARY KEY (`songId`) USING BTREE
) ENGINE = InnoDB AUTO_INCREMENT = 254 CHARACTER SET = utf8 COLLATE = utf8_general_ci ROW_FORMAT = Compact;

-- ----------------------------
-- Records of song
-- ----------------------------
INSERT INTO `song` VALUES (2, '孤勇者', 'http://music.163.com/song/media/outer/url?id=1901371647.mp3', NULL, NULL);
INSERT INTO `song` VALUES (3, '账号已注销', 'http://music.163.com/song/media/outer/url?id=1953828422.mp3', NULL, NULL);
INSERT INTO `song` VALUES (4, '苦茶子', 'http://music.163.com/song/media/outer/url?id=1922888354.mp3', NULL, NULL);
INSERT INTO `song` VALUES (5, '把回忆拼好给你', 'http://music.163.com/song/media/outer/url?id=1403318151.mp3', NULL, NULL);
INSERT INTO `song` VALUES (6, '忘不掉的你', 'http://music.163.com/song/media/outer/url?id=1851652156.mp3', NULL, NULL);
INSERT INTO `song` VALUES (7, '这世界那么多人', 'http://music.163.com/song/media/outer/url?id=1842025914.mp3', NULL, NULL);
INSERT INTO `song` VALUES (8, '可', 'http://music.163.com/song/media/outer/url?id=1954420092.mp3', NULL, NULL);
INSERT INTO `song` VALUES (9, '水星记', 'http://music.163.com/song/media/outer/url?id=441491828.mp3', NULL, NULL);
INSERT INTO `song` VALUES (10, 'So Far Away ', 'http://music.163.com/song/media/outer/url?id=521416693.mp3', NULL, NULL);
INSERT INTO `song` VALUES (11, '还是会想你', 'http://music.163.com/song/media/outer/url?id=1827600686.mp3', NULL, NULL);
INSERT INTO `song` VALUES (12, '唯一', 'http://music.163.com/song/media/outer/url?id=1807799505.mp3', NULL, NULL);
INSERT INTO `song` VALUES (13, '小城夏天', 'http://music.163.com/song/media/outer/url?id=1934251776.mp3', NULL, NULL);
INSERT INTO `song` VALUES (14, '罗生门', 'http://music.163.com/song/media/outer/url?id=1456890009.mp3', NULL, NULL);
INSERT INTO `song` VALUES (15, 'STAY', 'http://music.163.com/song/media/outer/url?id=1859245776.mp3', NULL, NULL);
INSERT INTO `song` VALUES (16, '起风了', 'http://music.163.com/song/media/outer/url?id=1330348068.mp3', NULL, NULL);
INSERT INTO `song` VALUES (17, 'Letting Go', 'http://music.163.com/song/media/outer/url?id=1923184888.mp3', NULL, NULL);
INSERT INTO `song` VALUES (18, '先说谎的人', 'http://music.163.com/song/media/outer/url?id=1903876057.mp3', NULL, NULL);
INSERT INTO `song` VALUES (19, '晚风', 'http://music.163.com/song/media/outer/url?id=1441758494.mp3', NULL, NULL);
INSERT INTO `song` VALUES (20, '致你', 'http://music.163.com/song/media/outer/url?id=1867217766.mp3', NULL, NULL);
INSERT INTO `song` VALUES (21, '习惯晚睡', 'http://music.163.com/song/media/outer/url?id=1955946574.mp3', NULL, NULL);
INSERT INTO `song` VALUES (22, '予你', 'http://music.163.com/song/media/outer/url?id=1895330088.mp3', NULL, NULL);
INSERT INTO `song` VALUES (23, '给你呀', 'http://music.163.com/song/media/outer/url?id=1497588709.mp3', NULL, NULL);
INSERT INTO `song` VALUES (24, 'Normal No More', 'http://music.163.com/song/media/outer/url?id=1440570723.mp3', NULL, NULL);
INSERT INTO `song` VALUES (25, '故犯', 'http://music.163.com/song/media/outer/url?id=1945262840.mp3', NULL, NULL);
INSERT INTO `song` VALUES (26, '想去海边', 'http://music.163.com/song/media/outer/url?id=1413863166.mp3', NULL, NULL);
INSERT INTO `song` VALUES (27, '带我去找夜生活', 'http://music.163.com/song/media/outer/url?id=1410647903.mp3', NULL, NULL);
INSERT INTO `song` VALUES (28, '删了吧', 'http://music.163.com/song/media/outer/url?id=1891469546.mp3', NULL, NULL);
INSERT INTO `song` VALUES (29, '形容', 'http://music.163.com/song/media/outer/url?id=1336856864.mp3', NULL, NULL);
INSERT INTO `song` VALUES (30, '错位时空', 'http://music.163.com/song/media/outer/url?id=1808492017.mp3', NULL, NULL);
INSERT INTO `song` VALUES (31, 'But U', 'http://music.163.com/song/media/outer/url?id=1459232593.mp3', NULL, NULL);
INSERT INTO `song` VALUES (32, '浪漫主义', 'http://music.163.com/song/media/outer/url?id=1887917182.mp3', NULL, NULL);
INSERT INTO `song` VALUES (33, '还是分开', 'http://music.163.com/song/media/outer/url?id=465921195.mp3', NULL, NULL);
INSERT INTO `song` VALUES (34, '爱人错过', 'http://music.163.com/song/media/outer/url?id=1368754688.mp3', NULL, NULL);
INSERT INTO `song` VALUES (35, '夏日漱石', 'http://music.163.com/song/media/outer/url?id=1359818052.mp3', NULL, NULL);
INSERT INTO `song` VALUES (36, '三国恋', 'http://music.163.com/song/media/outer/url?id=1947948874.mp3', NULL, NULL);
INSERT INTO `song` VALUES (37, 'Empty Love', 'http://music.163.com/song/media/outer/url?id=1435828582.mp3', NULL, NULL);
INSERT INTO `song` VALUES (38, '漠河舞厅', 'http://music.163.com/song/media/outer/url?id=1894094482.mp3', NULL, NULL);
INSERT INTO `song` VALUES (39, '爱你', 'http://music.163.com/song/media/outer/url?id=1952182912.mp3', NULL, NULL);
INSERT INTO `song` VALUES (40, 'MOM', 'http://music.163.com/song/media/outer/url?id=1387581250.mp3', NULL, NULL);
INSERT INTO `song` VALUES (41, '沉沦与遐想', 'http://music.163.com/song/media/outer/url?id=1492584510.mp3', NULL, NULL);
INSERT INTO `song` VALUES (42, 'Wake', 'http://music.163.com/song/media/outer/url?id=1873321491.mp3', NULL, NULL);
INSERT INTO `song` VALUES (43, '肆无惧燥', 'http://music.163.com/song/media/outer/url?id=1952817125.mp3', NULL, NULL);
INSERT INTO `song` VALUES (44, 'Love Is Gone', 'http://music.163.com/song/media/outer/url?id=1401671455.mp3', NULL, NULL);
INSERT INTO `song` VALUES (45, '晚安', 'http://music.163.com/song/media/outer/url?id=1359356908.mp3', NULL, NULL);
INSERT INTO `song` VALUES (46, '在你的身边', 'http://music.163.com/song/media/outer/url?id=475479888.mp3', NULL, NULL);
INSERT INTO `song` VALUES (47, '他只是经过', 'http://music.163.com/song/media/outer/url?id=1443838552.mp3', NULL, NULL);
INSERT INTO `song` VALUES (48, '天外来物', 'http://music.163.com/song/media/outer/url?id=1463165983.mp3', NULL, NULL);
INSERT INTO `song` VALUES (49, '与我无关', 'http://music.163.com/song/media/outer/url?id=1413585838.mp3', NULL, NULL);
INSERT INTO `song` VALUES (50, 'Stay The Night', 'http://music.163.com/song/media/outer/url?id=1376075781.mp3', NULL, NULL);
INSERT INTO `song` VALUES (51, '大眠 ', 'http://music.163.com/song/media/outer/url?id=1413142894.mp3', NULL, NULL);
INSERT INTO `song` VALUES (52, '多远都要在一起', 'http://music.163.com/song/media/outer/url?id=30612793.mp3', NULL, NULL);
INSERT INTO `song` VALUES (53, '像我这样的人', 'http://music.163.com/song/media/outer/url?id=569213220.mp3', NULL, NULL);
INSERT INTO `song` VALUES (54, '特别的人', 'http://music.163.com/song/media/outer/url?id=28403111.mp3', NULL, NULL);
INSERT INTO `song` VALUES (55, 'Cure For Me', 'http://music.163.com/song/media/outer/url?id=1859515946.mp3', NULL, NULL);
INSERT INTO `song` VALUES (56, 'In The Shadow Of The Sun', 'http://music.163.com/song/media/outer/url?id=29412405.mp3', NULL, NULL);
INSERT INTO `song` VALUES (57, '有些', 'http://music.163.com/song/media/outer/url?id=1406649619.mp3', NULL, NULL);
INSERT INTO `song` VALUES (58, '夏天的风', 'http://music.163.com/song/media/outer/url?id=1436709403.mp3', NULL, NULL);
INSERT INTO `song` VALUES (59, '初恋', 'http://music.163.com/song/media/outer/url?id=1873049720.mp3', NULL, NULL);
INSERT INTO `song` VALUES (60, '你的轮廓', 'http://music.163.com/song/media/outer/url?id=1949075851.mp3', NULL, NULL);
INSERT INTO `song` VALUES (61, '永不失联的爱', 'http://music.163.com/song/media/outer/url?id=523250334.mp3', NULL, NULL);
INSERT INTO `song` VALUES (62, '异地恋', 'http://music.163.com/song/media/outer/url?id=1948478077.mp3', NULL, NULL);
INSERT INTO `song` VALUES (63, '再见莫妮卡', 'http://music.163.com/song/media/outer/url?id=1824045033.mp3', NULL, NULL);
INSERT INTO `song` VALUES (64, '山楂树之恋', 'http://music.163.com/song/media/outer/url?id=1381755293.mp3', NULL, NULL);
INSERT INTO `song` VALUES (65, 'Bet On Me', 'http://music.163.com/song/media/outer/url?id=1951583615.mp3', NULL, NULL);
INSERT INTO `song` VALUES (66, '楼顶上的小斑鸠', 'http://music.163.com/song/media/outer/url?id=1844449888.mp3', NULL, NULL);
INSERT INTO `song` VALUES (67, '世间美好与你环环相扣', 'http://music.163.com/song/media/outer/url?id=1363948882.mp3', NULL, NULL);
INSERT INTO `song` VALUES (68, '爱丫爱丫', 'http://music.163.com/song/media/outer/url?id=1928857203.mp3', NULL, NULL);
INSERT INTO `song` VALUES (69, '篇章', 'http://music.163.com/song/media/outer/url?id=1943043408.mp3', NULL, NULL);
INSERT INTO `song` VALUES (70, '年少有为', 'http://music.163.com/song/media/outer/url?id=1293886117.mp3', NULL, NULL);
INSERT INTO `song` VALUES (71, '爱人勿念', 'http://music.163.com/song/media/outer/url?id=1954909440.mp3', NULL, NULL);
INSERT INTO `song` VALUES (72, '耍把戏', 'http://music.163.com/song/media/outer/url?id=1942278883.mp3', NULL, NULL);
INSERT INTO `song` VALUES (73, '新地球', 'http://music.163.com/song/media/outer/url?id=29774171.mp3', NULL, NULL);
INSERT INTO `song` VALUES (74, '消愁', 'http://music.163.com/song/media/outer/url?id=569200213.mp3', NULL, NULL);
INSERT INTO `song` VALUES (75, 'Time to Pretend', 'http://music.163.com/song/media/outer/url?id=1377642003.mp3', NULL, NULL);
INSERT INTO `song` VALUES (76, '再等冬天', 'http://music.163.com/song/media/outer/url?id=1927693793.mp3', NULL, NULL);
INSERT INTO `song` VALUES (77, '星辰大海', 'http://music.163.com/song/media/outer/url?id=1811921555.mp3', NULL, NULL);
INSERT INTO `song` VALUES (78, '最美好的时光 (Official Live)', 'http://music.163.com/song/media/outer/url?id=1949108901.mp3', NULL, NULL);
INSERT INTO `song` VALUES (79, '呓语', 'http://music.163.com/song/media/outer/url?id=1417862046.mp3', NULL, NULL);
INSERT INTO `song` VALUES (80, '不将就', 'http://music.163.com/song/media/outer/url?id=31654343.mp3', NULL, NULL);
INSERT INTO `song` VALUES (81, 'Dancing With Your Ghost', 'http://music.163.com/song/media/outer/url?id=1374329431.mp3', NULL, NULL);
INSERT INTO `song` VALUES (82, '可不可以', 'http://music.163.com/song/media/outer/url?id=553755659.mp3', NULL, NULL);
INSERT INTO `song` VALUES (83, '阿拉斯加海湾', 'http://music.163.com/song/media/outer/url?id=1500569811.mp3', NULL, NULL);
INSERT INTO `song` VALUES (84, '总有一天你会出现在我身边', 'http://music.163.com/song/media/outer/url?id=1303027499.mp3', NULL, NULL);
INSERT INTO `song` VALUES (85, '嘉宾', 'http://music.163.com/song/media/outer/url?id=1846489646.mp3', NULL, NULL);
INSERT INTO `song` VALUES (86, '独到', 'http://music.163.com/song/media/outer/url?id=1940943649.mp3', NULL, NULL);
INSERT INTO `song` VALUES (87, '像鱼', 'http://music.163.com/song/media/outer/url?id=1331819951.mp3', NULL, NULL);
INSERT INTO `song` VALUES (88, '下雨天', 'http://music.163.com/song/media/outer/url?id=368764.mp3', NULL, NULL);
INSERT INTO `song` VALUES (89, '海底', 'http://music.163.com/song/media/outer/url?id=1430583016.mp3', NULL, NULL);
INSERT INTO `song` VALUES (90, '朋友圈', 'http://music.163.com/song/media/outer/url?id=1950027446.mp3', NULL, NULL);
INSERT INTO `song` VALUES (91, '最佳损友', 'http://music.163.com/song/media/outer/url?id=65800.mp3', NULL, NULL);
INSERT INTO `song` VALUES (92, '悬溺', 'http://music.163.com/song/media/outer/url?id=1397345903.mp3', NULL, NULL);
INSERT INTO `song` VALUES (93, '落在生命里的光', 'http://music.163.com/song/media/outer/url?id=1892562874.mp3', NULL, NULL);
INSERT INTO `song` VALUES (94, '晚风心里吹', 'http://music.163.com/song/media/outer/url?id=1929370102.mp3', NULL, NULL);
INSERT INTO `song` VALUES (95, '白羊', 'http://music.163.com/song/media/outer/url?id=514761281.mp3', NULL, NULL);
INSERT INTO `song` VALUES (96, '岁月神偷', 'http://music.163.com/song/media/outer/url?id=28285910.mp3', NULL, NULL);
INSERT INTO `song` VALUES (97, '一分一寸', 'http://music.163.com/song/media/outer/url?id=1493083969.mp3', NULL, NULL);
INSERT INTO `song` VALUES (98, '危险派对', 'http://music.163.com/song/media/outer/url?id=1877996649.mp3', NULL, NULL);
INSERT INTO `song` VALUES (99, '我的名字', 'http://music.163.com/song/media/outer/url?id=554241732.mp3', NULL, NULL);
INSERT INTO `song` VALUES (100, '你走以后1.0', 'http://music.163.com/song/media/outer/url?id=1363205817.mp3', NULL, NULL);
INSERT INTO `song` VALUES (101, '麻雀', 'http://music.163.com/song/media/outer/url?id=1407551413.mp3', NULL, NULL);
INSERT INTO `song` VALUES (102, '断线', 'http://music.163.com/song/media/outer/url?id=496370620.mp3', NULL, NULL);
INSERT INTO `song` VALUES (103, '百年孤寂', 'http://music.163.com/song/media/outer/url?id=1886371886.mp3', NULL, NULL);
INSERT INTO `song` VALUES (104, 'red lips（被我蒙对）', 'http://music.163.com/song/media/outer/url?id=1456659704.mp3', NULL, NULL);
INSERT INTO `song` VALUES (105, '我好像在哪见过你', 'http://music.163.com/song/media/outer/url?id=417859631.mp3', NULL, NULL);
INSERT INTO `song` VALUES (106, '我看过', 'http://music.163.com/song/media/outer/url?id=1926660829.mp3', NULL, NULL);
INSERT INTO `song` VALUES (107, '我都明白', 'http://music.163.com/song/media/outer/url?id=1809100933.mp3', NULL, NULL);
INSERT INTO `song` VALUES (108, '孤身', 'http://music.163.com/song/media/outer/url?id=1365393542.mp3', NULL, NULL);
INSERT INTO `song` VALUES (109, '7 %', 'http://music.163.com/song/media/outer/url?id=1423241987.mp3', NULL, NULL);
INSERT INTO `song` VALUES (110, '大雾', 'http://music.163.com/song/media/outer/url?id=1805088448.mp3', NULL, NULL);
INSERT INTO `song` VALUES (111, '以爱为囚', 'http://music.163.com/song/media/outer/url?id=1880886636.mp3', NULL, NULL);
INSERT INTO `song` VALUES (112, '看得最远的地方', 'http://music.163.com/song/media/outer/url?id=1953125353.mp3', NULL, NULL);
INSERT INTO `song` VALUES (113, '云烟成雨', 'http://music.163.com/song/media/outer/url?id=513360721.mp3', NULL, NULL);
INSERT INTO `song` VALUES (114, '你的答案', 'http://music.163.com/song/media/outer/url?id=1400256289.mp3', NULL, NULL);
INSERT INTO `song` VALUES (115, '指纹', 'http://music.163.com/song/media/outer/url?id=1887139866.mp3', NULL, NULL);
INSERT INTO `song` VALUES (116, '再次爱上你', 'http://music.163.com/song/media/outer/url?id=343557.mp3', NULL, NULL);
INSERT INTO `song` VALUES (117, '雨爱', 'http://music.163.com/song/media/outer/url?id=316100.mp3', NULL, NULL);
INSERT INTO `song` VALUES (118, '反派角色', 'http://music.163.com/song/media/outer/url?id=1955424233.mp3', NULL, NULL);
INSERT INTO `song` VALUES (119, 'Something Just Like This', 'http://music.163.com/song/media/outer/url?id=461347998.mp3', NULL, NULL);
INSERT INTO `song` VALUES (120, '过', 'http://music.163.com/song/media/outer/url?id=1804879213.mp3', NULL, NULL);
INSERT INTO `song` VALUES (121, '慢慢喜欢你', 'http://music.163.com/song/media/outer/url?id=541687281.mp3', NULL, NULL);
INSERT INTO `song` VALUES (122, 'double take', 'http://music.163.com/song/media/outer/url?id=1369602061.mp3', NULL, NULL);
INSERT INTO `song` VALUES (123, '再也没有', 'http://music.163.com/song/media/outer/url?id=480580003.mp3', NULL, NULL);
INSERT INTO `song` VALUES (124, '玫瑰少年', 'http://music.163.com/song/media/outer/url?id=1482925175.mp3', NULL, NULL);
INSERT INTO `song` VALUES (125, '告白', 'http://music.163.com/song/media/outer/url?id=1336856449.mp3', NULL, NULL);
INSERT INTO `song` VALUES (126, '回到夏天', 'http://music.163.com/song/media/outer/url?id=1449678888.mp3', NULL, NULL);
INSERT INTO `song` VALUES (127, '经济舱 (Live)', 'http://music.163.com/song/media/outer/url?id=1487528112.mp3', NULL, NULL);
INSERT INTO `song` VALUES (128, '夏夜最后的烟火', 'http://music.163.com/song/media/outer/url?id=1482867143.mp3', NULL, NULL);
INSERT INTO `song` VALUES (129, '撒野', 'http://music.163.com/song/media/outer/url?id=483937795.mp3', NULL, NULL);
INSERT INTO `song` VALUES (130, 'Mood', 'http://music.163.com/song/media/outer/url?id=1464325108.mp3', NULL, NULL);
INSERT INTO `song` VALUES (131, '保留', 'http://music.163.com/song/media/outer/url?id=442869203.mp3', NULL, NULL);
INSERT INTO `song` VALUES (132, 'Closer', 'http://music.163.com/song/media/outer/url?id=423228325.mp3', NULL, NULL);
INSERT INTO `song` VALUES (133, '星河万里', 'http://music.163.com/song/media/outer/url?id=1843704418.mp3', NULL, NULL);
INSERT INTO `song` VALUES (134, '句号', 'http://music.163.com/song/media/outer/url?id=1405283464.mp3', NULL, NULL);
INSERT INTO `song` VALUES (135, '多想在平庸的生活拥抱你', 'http://music.163.com/song/media/outer/url?id=1346104327.mp3', NULL, NULL);
INSERT INTO `song` VALUES (136, 'Unstoppable', 'http://music.163.com/song/media/outer/url?id=400876320.mp3', NULL, NULL);
INSERT INTO `song` VALUES (137, '收敛', 'http://music.163.com/song/media/outer/url?id=1435449062.mp3', NULL, NULL);
INSERT INTO `song` VALUES (138, '你是人间四月天', 'http://music.163.com/song/media/outer/url?id=1344897943.mp3', NULL, NULL);
INSERT INTO `song` VALUES (139, '恶作剧', 'http://music.163.com/song/media/outer/url?id=4875084.mp3', NULL, NULL);
INSERT INTO `song` VALUES (140, '他不懂', 'http://music.163.com/song/media/outer/url?id=28059417.mp3', NULL, NULL);
INSERT INTO `song` VALUES (141, '富士山下', 'http://music.163.com/song/media/outer/url?id=65766.mp3', NULL, NULL);
INSERT INTO `song` VALUES (142, '命运', 'http://music.163.com/song/media/outer/url?id=1942041775.mp3', NULL, NULL);
INSERT INTO `song` VALUES (143, '22秒', 'http://music.163.com/song/media/outer/url?id=1849998058.mp3', NULL, NULL);
INSERT INTO `song` VALUES (144, 'Lemon', 'http://music.163.com/song/media/outer/url?id=536622304.mp3', NULL, NULL);
INSERT INTO `song` VALUES (145, '独行侠+爱如潮水（remix）', 'http://music.163.com/song/media/outer/url?id=1432968475.mp3', NULL, NULL);
INSERT INTO `song` VALUES (146, '兄妹', 'http://music.163.com/song/media/outer/url?id=1947208581.mp3', NULL, NULL);
INSERT INTO `song` VALUES (147, '簇拥烈日的花', 'http://music.163.com/song/media/outer/url?id=1896178370.mp3', NULL, NULL);
INSERT INTO `song` VALUES (148, 'I don\'t wanna see u anymore', 'http://music.163.com/song/media/outer/url?id=528326686.mp3', NULL, NULL);
INSERT INTO `song` VALUES (149, '嗜好', 'http://music.163.com/song/media/outer/url?id=1391891631.mp3', NULL, NULL);
INSERT INTO `song` VALUES (150, 'Princess', 'http://music.163.com/song/media/outer/url?id=1869248652.mp3', NULL, NULL);
INSERT INTO `song` VALUES (151, '记念', 'http://music.163.com/song/media/outer/url?id=1949119429.mp3', NULL, NULL);
INSERT INTO `song` VALUES (152, '如果呢', 'http://music.163.com/song/media/outer/url?id=1842728629.mp3', NULL, NULL);
INSERT INTO `song` VALUES (153, '路过人间', 'http://music.163.com/song/media/outer/url?id=1888915574.mp3', NULL, NULL);
INSERT INTO `song` VALUES (154, '鲁伯特之泪', 'http://music.163.com/song/media/outer/url?id=1846653916.mp3', NULL, NULL);
INSERT INTO `song` VALUES (155, '美人鱼', 'http://music.163.com/song/media/outer/url?id=108673.mp3', NULL, NULL);
INSERT INTO `song` VALUES (156, '放空', 'http://music.163.com/song/media/outer/url?id=1841002409.mp3', NULL, NULL);
INSERT INTO `song` VALUES (157, '月亮之矢', 'http://music.163.com/song/media/outer/url?id=419375250.mp3', NULL, NULL);
INSERT INTO `song` VALUES (158, '梦醒', 'http://music.163.com/song/media/outer/url?id=1395222212.mp3', NULL, NULL);
INSERT INTO `song` VALUES (159, '失眠飞行', 'http://music.163.com/song/media/outer/url?id=1365898499.mp3', NULL, NULL);
INSERT INTO `song` VALUES (160, '再见', 'http://music.163.com/song/media/outer/url?id=185726.mp3', NULL, NULL);
INSERT INTO `song` VALUES (161, '会不会（吉他版）', 'http://music.163.com/song/media/outer/url?id=1481164987.mp3', NULL, NULL);
INSERT INTO `song` VALUES (162, '沈园外', 'http://music.163.com/song/media/outer/url?id=1808078153.mp3', NULL, NULL);
INSERT INTO `song` VALUES (163, 'Fight', 'http://music.163.com/song/media/outer/url?id=1293913379.mp3', NULL, NULL);
INSERT INTO `song` VALUES (164, 'Jiggle Jiggle', 'http://music.163.com/song/media/outer/url?id=1946751557.mp3', NULL, NULL);
INSERT INTO `song` VALUES (165, '红色高跟鞋', 'http://music.163.com/song/media/outer/url?id=208902.mp3', NULL, NULL);
INSERT INTO `song` VALUES (166, '好久不见', 'http://music.163.com/song/media/outer/url?id=65538.mp3', NULL, NULL);
INSERT INTO `song` VALUES (167, '暖一杯茶', 'http://music.163.com/song/media/outer/url?id=1371780785.mp3', NULL, NULL);
INSERT INTO `song` VALUES (168, '过活', 'http://music.163.com/song/media/outer/url?id=1438865533.mp3', NULL, NULL);
INSERT INTO `song` VALUES (169, 'Darling', 'http://music.163.com/song/media/outer/url?id=1955623775.mp3', NULL, NULL);
INSERT INTO `song` VALUES (170, '负重一万斤长大', 'http://music.163.com/song/media/outer/url?id=1406686876.mp3', NULL, NULL);
INSERT INTO `song` VALUES (171, 'Watch Me Work', 'http://music.163.com/song/media/outer/url?id=1304347114.mp3', NULL, NULL);
INSERT INTO `song` VALUES (172, '心跳的证明', 'http://music.163.com/song/media/outer/url?id=1342798229.mp3', NULL, NULL);
INSERT INTO `song` VALUES (173, 'Slow Down', 'http://music.163.com/song/media/outer/url?id=1356658022.mp3', NULL, NULL);
INSERT INTO `song` VALUES (174, '我要找到你', 'http://music.163.com/song/media/outer/url?id=1406642934.mp3', NULL, NULL);
INSERT INTO `song` VALUES (175, '戒烟', 'http://music.163.com/song/media/outer/url?id=518686034.mp3', NULL, NULL);
INSERT INTO `song` VALUES (176, '多情种', 'http://music.163.com/song/media/outer/url?id=1398508295.mp3', NULL, NULL);
INSERT INTO `song` VALUES (177, '出山', 'http://music.163.com/song/media/outer/url?id=1313354324.mp3', NULL, NULL);
INSERT INTO `song` VALUES (178, '丢了你', 'http://music.163.com/song/media/outer/url?id=1442508316.mp3', NULL, NULL);
INSERT INTO `song` VALUES (179, '南半球与北海道', 'http://music.163.com/song/media/outer/url?id=1888215863.mp3', NULL, NULL);
INSERT INTO `song` VALUES (180, '神魂颠倒', 'http://music.163.com/song/media/outer/url?id=1896102097.mp3', NULL, NULL);
INSERT INTO `song` VALUES (181, '所以你睡了没', 'http://music.163.com/song/media/outer/url?id=1449416890.mp3', NULL, NULL);
INSERT INTO `song` VALUES (182, '一样的月光', 'http://music.163.com/song/media/outer/url?id=1421191920.mp3', NULL, NULL);
INSERT INTO `song` VALUES (183, 'Enemy', 'http://music.163.com/song/media/outer/url?id=1956724632.mp3', NULL, NULL);
INSERT INTO `song` VALUES (184, '狐狸的童话', 'http://music.163.com/song/media/outer/url?id=1815105886.mp3', NULL, NULL);
INSERT INTO `song` VALUES (185, '借', 'http://music.163.com/song/media/outer/url?id=569214250.mp3', NULL, NULL);
INSERT INTO `song` VALUES (186, '虞兮叹', 'http://music.163.com/song/media/outer/url?id=1479526505.mp3', NULL, NULL);
INSERT INTO `song` VALUES (187, 'Peaches', 'http://music.163.com/song/media/outer/url?id=1830419924.mp3', NULL, NULL);
INSERT INTO `song` VALUES (188, '星星在唱歌', 'http://music.163.com/song/media/outer/url?id=1807381939.mp3', NULL, NULL);
INSERT INTO `song` VALUES (189, 'Star (反方向的钟)', 'http://music.163.com/song/media/outer/url?id=1899705498.mp3', NULL, NULL);
INSERT INTO `song` VALUES (190, '五百二十赫兹', 'http://music.163.com/song/media/outer/url?id=1948572170.mp3', NULL, NULL);
INSERT INTO `song` VALUES (191, '不得不爱', 'http://music.163.com/song/media/outer/url?id=139764.mp3', NULL, NULL);
INSERT INTO `song` VALUES (192, 'New Boy', 'http://music.163.com/song/media/outer/url?id=1857630559.mp3', NULL, NULL);
INSERT INTO `song` VALUES (193, '广东十年爱情故事', 'http://music.163.com/song/media/outer/url?id=513791211.mp3', NULL, NULL);
INSERT INTO `song` VALUES (194, '我们俩', 'http://music.163.com/song/media/outer/url?id=85571.mp3', NULL, NULL);
INSERT INTO `song` VALUES (195, '吴哥窟', 'http://music.163.com/song/media/outer/url?id=298258.mp3', NULL, NULL);
INSERT INTO `song` VALUES (196, '野孩子', 'http://music.163.com/song/media/outer/url?id=316486.mp3', NULL, NULL);
INSERT INTO `song` VALUES (197, '过客', 'http://music.163.com/song/media/outer/url?id=445665094.mp3', NULL, NULL);
INSERT INTO `song` VALUES (198, '走马', 'http://music.163.com/song/media/outer/url?id=30431367.mp3', NULL, NULL);
INSERT INTO `song` VALUES (199, '最美的期待', 'http://music.163.com/song/media/outer/url?id=531295576.mp3', NULL, NULL);
INSERT INTO `song` VALUES (200, '我们好像在哪见过', 'http://music.163.com/song/media/outer/url?id=27902537.mp3', NULL, NULL);
INSERT INTO `song` VALUES (201, 'Reality', 'http://music.163.com/song/media/outer/url?id=32835377.mp3', NULL, NULL);
INSERT INTO `song` VALUES (202, '水中花', 'http://music.163.com/song/media/outer/url?id=1890714308.mp3', NULL, NULL);
INSERT INTO `song` VALUES (203, '尘土', 'http://music.163.com/song/media/outer/url?id=865021614.mp3', NULL, NULL);
INSERT INTO `song` VALUES (204, '千千万万', 'http://music.163.com/song/media/outer/url?id=1811459887.mp3', NULL, NULL);
INSERT INTO `song` VALUES (205, '欠我个未来', 'http://music.163.com/song/media/outer/url?id=1321378753.mp3', NULL, NULL);
INSERT INTO `song` VALUES (206, 'Try', 'http://music.163.com/song/media/outer/url?id=28639182.mp3', NULL, NULL);
INSERT INTO `song` VALUES (207, 'Lone Ranger', 'http://music.163.com/song/media/outer/url?id=29803676.mp3', NULL, NULL);
INSERT INTO `song` VALUES (208, 'DEAR JOHN', 'http://music.163.com/song/media/outer/url?id=207497.mp3', NULL, NULL);
INSERT INTO `song` VALUES (209, '我曾', 'http://music.163.com/song/media/outer/url?id=1336856777.mp3', NULL, NULL);
INSERT INTO `song` VALUES (210, '如果爱忘了', 'http://music.163.com/song/media/outer/url?id=1933915376.mp3', NULL, NULL);
INSERT INTO `song` VALUES (211, '入海', 'http://music.163.com/song/media/outer/url?id=1449782341.mp3', NULL, NULL);
INSERT INTO `song` VALUES (212, '游山恋', 'http://music.163.com/song/media/outer/url?id=1471055851.mp3', NULL, NULL);
INSERT INTO `song` VALUES (213, '烟火里的尘埃', 'http://music.163.com/song/media/outer/url?id=29004400.mp3', NULL, NULL);
INSERT INTO `song` VALUES (214, 'Sold Out', 'http://music.163.com/song/media/outer/url?id=31010566.mp3', NULL, NULL);
INSERT INTO `song` VALUES (215, '胡广生', 'http://music.163.com/song/media/outer/url?id=1325905146.mp3', NULL, NULL);
INSERT INTO `song` VALUES (216, '冷雨夜', 'http://music.163.com/song/media/outer/url?id=1857483489.mp3', NULL, NULL);
INSERT INTO `song` VALUES (217, '光辉岁月', 'http://music.163.com/song/media/outer/url?id=346576.mp3', NULL, NULL);
INSERT INTO `song` VALUES (218, '应怀酒', 'http://music.163.com/song/media/outer/url?id=1378792366.mp3', NULL, NULL);
INSERT INTO `song` VALUES (219, '5000 Miles', 'http://music.163.com/song/media/outer/url?id=17214006.mp3', NULL, NULL);
INSERT INTO `song` VALUES (220, 'New Flame', 'http://music.163.com/song/media/outer/url?id=28739254.mp3', NULL, NULL);
INSERT INTO `song` VALUES (221, 'What If I Loved You', 'http://music.163.com/song/media/outer/url?id=27588467.mp3', NULL, NULL);
INSERT INTO `song` VALUES (222, '绿色', 'http://music.163.com/song/media/outer/url?id=1345848098.mp3', NULL, NULL);
INSERT INTO `song` VALUES (223, '耳朵', 'http://music.163.com/song/media/outer/url?id=1318235595.mp3', NULL, NULL);
INSERT INTO `song` VALUES (224, '不染', 'http://music.163.com/song/media/outer/url?id=536099160.mp3', NULL, NULL);
INSERT INTO `song` VALUES (225, '三字言', 'http://music.163.com/song/media/outer/url?id=34731033.mp3', NULL, NULL);
INSERT INTO `song` VALUES (226, '年少有为', 'http://music.163.com/song/media/outer/url?id=1293886117.mp3', NULL, NULL);
INSERT INTO `song` VALUES (227, '你的酒馆对我打了烊', 'http://music.163.com/song/media/outer/url?id=1341964346.mp3', NULL, NULL);
INSERT INTO `song` VALUES (228, '关于孤独我想说的话 ', 'http://music.163.com/song/media/outer/url?id=1346093140.mp3', NULL, NULL);
INSERT INTO `song` VALUES (229, '原来', 'http://music.163.com/song/media/outer/url?id=28892418.mp3', NULL, NULL);
INSERT INTO `song` VALUES (230, '宝贝', 'http://music.163.com/song/media/outer/url?id=453927759.mp3', NULL, NULL);
INSERT INTO `song` VALUES (231, '形容', 'http://music.163.com/song/media/outer/url?id=1336856864.mp3', NULL, NULL);
INSERT INTO `song` VALUES (232, '怎么了', 'http://music.163.com/song/media/outer/url?id=1336990251.mp3', NULL, NULL);
INSERT INTO `song` VALUES (233, '写给黄淮', 'http://music.163.com/song/media/outer/url?id=1334295185.mp3', NULL, NULL);
INSERT INTO `song` VALUES (234, '一个人去巴黎', 'http://music.163.com/song/media/outer/url?id=864647841.mp3', NULL, NULL);
INSERT INTO `song` VALUES (235, '有可能的夜晚', 'http://music.163.com/song/media/outer/url?id=26217171.mp3', NULL, NULL);
INSERT INTO `song` VALUES (236, '认真地老去', 'http://music.163.com/song/media/outer/url?id=461080452.mp3', NULL, NULL);
INSERT INTO `song` VALUES (237, '往后余生', 'http://music.163.com/song/media/outer/url?id=557584888.mp3', NULL, NULL);
INSERT INTO `song` VALUES (238, '越来越不懂', 'http://music.163.com/song/media/outer/url?id=208958.mp3', NULL, NULL);
INSERT INTO `song` VALUES (239, '错过', 'http://music.163.com/song/media/outer/url?id=254672.mp3', NULL, NULL);
INSERT INTO `song` VALUES (240, '我们到最后终于变成朋友', 'http://music.163.com/song/media/outer/url?id=29414156.mp3', NULL, NULL);
INSERT INTO `song` VALUES (242, '可乐', 'http://music.163.com/song/media/outer/url?id=29759733.mp3', 'Beat It (12\' Mix) - Michael Jackson.lrc', 'track/lyric/Beat It (12\' Mix) - Michael Jackson.lrc');
INSERT INTO `song` VALUES (243, '酌酒醉长安', 'http://music.163.com/song/media/outer/url?id=1881103386.mp3', NULL, NULL);
INSERT INTO `song` VALUES (244, '原罪', 'http://music.163.com/song/media/outer/url?id=25641522.mp3', NULL, NULL);
INSERT INTO `song` VALUES (246, '半步沉香', 'http://music.163.com/song/media/outer/url?id=1475968736.mp3', NULL, NULL);
INSERT INTO `song` VALUES (247, '很喜欢', 'http://music.163.com/song/media/outer/url?id=1482698147.mp3', NULL, NULL);
INSERT INTO `song` VALUES (248, '喜糖', 'http://music.163.com/song/media/outer/url?id=1849170102.mp3', NULL, NULL);
INSERT INTO `song` VALUES (249, '黑夜陷阱', 'http://music.163.com/song/media/outer/url?id=1925782110.mp3', NULL, NULL);
INSERT INTO `song` VALUES (250, '退路', 'http://music.163.com/song/media/outer/url?id=5245624.mp3', NULL, NULL);
INSERT INTO `song` VALUES (251, '不要说话', 'http://music.163.com/song/media/outer/url?id=25906124.mp3', NULL, NULL);
INSERT INTO `song` VALUES (252, '认真地老去', 'http://music.163.com/song/media/outer/url?id=461080452.mp3', NULL, NULL);
INSERT INTO `song` VALUES (253, '21克', 'http://music.163.com/song/media/outer/url?id=293976.mp3', NULL, NULL);

-- ----------------------------
-- Table structure for user
-- ----------------------------
DROP TABLE IF EXISTS `user`;
CREATE TABLE `user`  (
  `userId` int(11) NOT NULL AUTO_INCREMENT,
  `email` varchar(45) CHARACTER SET utf8 COLLATE utf8_general_ci NOT NULL,
  `password` varchar(45) CHARACTER SET utf8 COLLATE utf8_general_ci NOT NULL,
  `userName` varchar(45) CHARACTER SET utf8 COLLATE utf8_general_ci NOT NULL,
  PRIMARY KEY (`userId`) USING BTREE,
  UNIQUE INDEX `email_UNIQUE`(`email`) USING BTREE
) ENGINE = InnoDB AUTO_INCREMENT = 2011248 CHARACTER SET = utf8 COLLATE = utf8_general_ci ROW_FORMAT = Compact;

-- ----------------------------
-- Records of user
-- ----------------------------
INSERT INTO `user` VALUES (1, 'admin@qq.com', 'admin', 'yhn666');
INSERT INTO `user` VALUES (2, 'runstutu@gmail.com', 'runs', '一人之下');
INSERT INTO `user` VALUES (4, '1344986@qq.com', '147258', 'java大佬');
INSERT INTO `user` VALUES (5, '2504208@qq.com', '250428', 'codedq');
INSERT INTO `user` VALUES (6, '265991@163.com', 'root', '杨哥');
INSERT INTO `user` VALUES (7, '5878433@qq.com', 'sadsd', 'sdsad');
INSERT INTO `user` VALUES (9, '532009913@qq.com', 'dfdgg', '罗总');
INSERT INTO `user` VALUES (2011227, 'root@root.root', 'root', 'ROOT');
INSERT INTO `user` VALUES (2011230, 'yhn.@qq.com', 'yhn', '小杨同学');
INSERT INTO `user` VALUES (2011238, 'yyy', 'yyy', 'yyy');
INSERT INTO `user` VALUES (2011239, 'good@qq.com', 'good', 'good');
INSERT INTO `user` VALUES (2011240, 'wxl@qq.com', 'wxl', '魏少');
INSERT INTO `user` VALUES (2011241, 'aaa', 'aaa', 'aaa');
INSERT INTO `user` VALUES (2011242, 'saad', '1234656', 'asd');
INSERT INTO `user` VALUES (2011243, 'sxasds', '123456', 'sadas');
INSERT INTO `user` VALUES (2011244, 'asdsad@qq.com', '123456', '好');
INSERT INTO `user` VALUES (2011245, 'aaa@qq.com', '123456', 'xzc');
INSERT INTO `user` VALUES (2011246, 'sads@qq.com', '123456', 'admin@qq.com');
INSERT INTO `user` VALUES (2011247, '123@qq.com', 'Yhn147258369', 'sasda');

-- ----------------------------
-- Table structure for userrole
-- ----------------------------
DROP TABLE IF EXISTS `userrole`;
CREATE TABLE `userrole`  (
  `userroleId` int(11) NOT NULL AUTO_INCREMENT,
  `userId` int(11) NOT NULL,
  `roleId` int(11) NOT NULL,
  PRIMARY KEY (`userroleId`) USING BTREE,
  INDEX `fk_userrole_1_idx`(`userId`) USING BTREE,
  INDEX `fk_userrole_2_idx`(`roleId`) USING BTREE,
  CONSTRAINT `fk_userrole_1` FOREIGN KEY (`userId`) REFERENCES `user` (`userId`) ON DELETE CASCADE ON UPDATE RESTRICT,
  CONSTRAINT `fk_userrole_2` FOREIGN KEY (`roleId`) REFERENCES `role` (`roleId`) ON DELETE CASCADE ON UPDATE RESTRICT
) ENGINE = InnoDB AUTO_INCREMENT = 2 CHARACTER SET = utf8 COLLATE = utf8_general_ci ROW_FORMAT = Compact;

-- ----------------------------
-- Records of userrole
-- ----------------------------
INSERT INTO `userrole` VALUES (1, 2011227, 1);

-- ----------------------------
-- View structure for monthranking
-- ----------------------------
DROP VIEW IF EXISTS `monthranking`;
CREATE ALGORITHM = UNDEFINED SQL SECURITY DEFINER VIEW `monthranking` AS select `play`.`songId` AS `songId`,count(`play`.`songId`) AS `trendingCoefficient` from `play` where (month(`play`.`playTime`) >= (month(now()) - 1)) group by `play`.`songId` limit 50 ;

-- ----------------------------
-- Records of userrole
-- ----------------------------
INSERT INTO `userrole` VALUES (2, 23);
INSERT INTO `userrole` VALUES (3, 2);
INSERT INTO `userrole` VALUES (4, 35);
INSERT INTO `userrole` VALUES (5, 4);
INSERT INTO `userrole` VALUES (6, 8);
INSERT INTO `userrole` VALUES (7, 6);
INSERT INTO `userrole` VALUES (11, 2);
INSERT INTO `userrole` VALUES (14, 1);
INSERT INTO `userrole` VALUES (22, 1);
INSERT INTO `userrole` VALUES (28, 5);
INSERT INTO `userrole` VALUES (48, 8);
INSERT INTO `userrole` VALUES (70, 1);
INSERT INTO `userrole` VALUES (85, 7);
INSERT INTO `userrole` VALUES (165, 2);
INSERT INTO `userrole` VALUES (193, 1);
INSERT INTO `userrole` VALUES (209, 1);
INSERT INTO `userrole` VALUES (217, 12);
INSERT INTO `userrole` VALUES (222, 6);
INSERT INTO `userrole` VALUES (236, 1);
INSERT INTO `userrole` VALUES (237, 5);
INSERT INTO `userrole` VALUES (243, 2);
INSERT INTO `userrole` VALUES (244, 5);
INSERT INTO `userrole` VALUES (246, 3);
INSERT INTO `userrole` VALUES (247, 1);
INSERT INTO `userrole` VALUES (248, 3);
INSERT INTO `userrole` VALUES (251, 1);
INSERT INTO `userrole` VALUES (252, 1);
INSERT INTO `userrole` VALUES (253, 1);

-- ----------------------------
-- View structure for trending
-- ----------------------------
DROP VIEW IF EXISTS `trending`;
CREATE ALGORITHM = UNDEFINED SQL SECURITY DEFINER VIEW `trending` AS select songId,count(songId) as trendingCoefficient 
	from play group by songId limit 50 ;

-- ----------------------------
-- Records of userrole
-- ----------------------------
INSERT INTO `userrole` VALUES (2, 23);
INSERT INTO `userrole` VALUES (3, 2);
INSERT INTO `userrole` VALUES (4, 36);
INSERT INTO `userrole` VALUES (5, 4);
INSERT INTO `userrole` VALUES (6, 8);
INSERT INTO `userrole` VALUES (7, 6);
INSERT INTO `userrole` VALUES (11, 2);
INSERT INTO `userrole` VALUES (14, 1);
INSERT INTO `userrole` VALUES (22, 1);
INSERT INTO `userrole` VALUES (28, 5);
INSERT INTO `userrole` VALUES (48, 8);
INSERT INTO `userrole` VALUES (70, 1);
INSERT INTO `userrole` VALUES (85, 7);
INSERT INTO `userrole` VALUES (165, 2);
INSERT INTO `userrole` VALUES (193, 1);
INSERT INTO `userrole` VALUES (209, 1);
INSERT INTO `userrole` VALUES (217, 12);
INSERT INTO `userrole` VALUES (222, 6);
INSERT INTO `userrole` VALUES (236, 1);
INSERT INTO `userrole` VALUES (237, 5);
INSERT INTO `userrole` VALUES (243, 2);
INSERT INTO `userrole` VALUES (244, 5);
INSERT INTO `userrole` VALUES (246, 3);
INSERT INTO `userrole` VALUES (247, 1);
INSERT INTO `userrole` VALUES (248, 3);
INSERT INTO `userrole` VALUES (251, 1);
INSERT INTO `userrole` VALUES (252, 1);
INSERT INTO `userrole` VALUES (253, 1);

-- ----------------------------
-- View structure for weekranking
-- ----------------------------
DROP VIEW IF EXISTS `weekranking`;
CREATE ALGORITHM = UNDEFINED SQL SECURITY DEFINER VIEW `weekranking` AS select songId,count(songId) as trendingCoefficient 
	from play where week(playTime) >= week(now())-1
	group by songId limit 50 ;

-- ----------------------------
-- Records of userrole
-- ----------------------------
INSERT INTO `userrole` VALUES (2, 21);
INSERT INTO `userrole` VALUES (3, 1);
INSERT INTO `userrole` VALUES (4, 30);
INSERT INTO `userrole` VALUES (5, 4);
INSERT INTO `userrole` VALUES (6, 8);
INSERT INTO `userrole` VALUES (7, 6);
INSERT INTO `userrole` VALUES (11, 2);
INSERT INTO `userrole` VALUES (14, 1);
INSERT INTO `userrole` VALUES (22, 1);
INSERT INTO `userrole` VALUES (28, 3);
INSERT INTO `userrole` VALUES (48, 8);
INSERT INTO `userrole` VALUES (70, 1);
INSERT INTO `userrole` VALUES (85, 7);
INSERT INTO `userrole` VALUES (165, 1);
INSERT INTO `userrole` VALUES (193, 1);
INSERT INTO `userrole` VALUES (209, 1);
INSERT INTO `userrole` VALUES (217, 12);
INSERT INTO `userrole` VALUES (222, 2);
INSERT INTO `userrole` VALUES (236, 1);
INSERT INTO `userrole` VALUES (237, 5);
INSERT INTO `userrole` VALUES (243, 2);
INSERT INTO `userrole` VALUES (244, 4);
INSERT INTO `userrole` VALUES (246, 2);
INSERT INTO `userrole` VALUES (247, 1);
INSERT INTO `userrole` VALUES (248, 3);
INSERT INTO `userrole` VALUES (251, 1);
INSERT INTO `userrole` VALUES (252, 1);
INSERT INTO `userrole` VALUES (253, 1);

SET FOREIGN_KEY_CHECKS = 1;
